playerId,player,team,position,age,exp,bye,points,lower,upper,sdPts,positionRank,dropoff,tier,ptSpread,overallECR,positionECR,sdRank,risk,sleeper,salary
2555259,Carson Wentz,PHI,QB,25,1,10,19.428,19.428,19.428,NA,1,1.471,1,0,NA,1.9,0.9,2.08270017,NA,NA
2504211,Tom Brady,NE,QB,40,17,9,18.312,18.312,18.312,NA,2,0.985,1,0,NA,1.8,1.1,2.812025128,NA,NA
2540175,LeVeon Bell,PIT,RB,25,4,9,18,18,18,NA,1,1.515,1,0,NA,1.1,0.4,1.914838886,NA,NA
2555260,Dak Prescott,DAL,QB,24,1,6,17.602,17.602,17.602,NA,3,0.577,1,0,NA,4.2,1.4,3.906012564,NA,NA
2504775,Drew Brees,NO,QB,38,16,5,17.052,17.052,17.052,NA,4,0.082,0,0,NA,3.5,1.5,4.270675043,NA,NA
2495455,Cam Newton,CAR,QB,28,6,11,16.998,16.998,16.998,NA,5,0.07,0,0,NA,7.3,1.6,4.635337521,NA,NA
2495240,Tyrod Taylor,BUF,QB,28,6,6,16.942,16.942,16.942,NA,6,0.042,0,0,NA,10.7,2.4,7.552637351,NA,NA
2532975,Russell Wilson,SEA,QB,29,5,6,16.914,16.914,16.914,NA,7,0.051,0,0,NA,5.6,1.7,5,NA,NA
2555224,Ezekiel Elliott,DAL,RB,22,1,6,16.89,16.89,16.89,NA,2,1.935,1,0,NA,2.3,0.8,2.252491117,NA,NA
310,Matt Ryan,ATL,QB,32,9,5,16.886,16.886,16.886,NA,8,0.135,0,0,NA,10.5,2.2,6.823312394,NA,NA
2532820,Kirk Cousins,WAS,QB,29,5,5,16.84,16.84,16.84,NA,9,0.646,0,0,NA,5.2,1.6,4.635337521,NA,NA
2495143,Andy Dalton,CIN,QB,30,6,6,16.662,16.662,16.662,NA,10,0.999,0,0,NA,9.3,2,6.093987436,NA,NA
79607,LeSean McCoy,BUF,RB,29,8,6,16.08,16.08,16.08,NA,3,2.3,0,0,NA,3.3,0.9,2.336904175,NA,NA
2552033,Jameis Winston,TB,QB,23,2,1,15.726,15.726,15.726,NA,11,0.419,0,0,NA,11.3,2,6.093987436,NA,NA
2506121,Philip Rivers,LAC,QB,36,13,9,15.6,15.6,15.6,NA,12,1.086,0,0,NA,9.3,2.6,8.281962309,NA,NA
2506340,Alex Smith,KC,QB,33,12,10,15.014,15.014,15.014,NA,13,1.017,0,0,NA,13.9,2.2,6.823312394,NA,NA
2543499,Derek Carr,OAK,QB,26,3,10,14.014,14.014,14.014,NA,14,0.128,0,0,NA,15,2.4,7.552637351,NA,NA
79860,Matthew Stafford,DET,QB,29,8,7,13.98,13.98,13.98,NA,15,0.307,0,0,NA,16.3,2,6.093987436,NA,NA
2557917,Kareem Hunt,KC,RB,22,0,10,13.83,13.83,13.83,NA,4,0.125,0,0,NA,4.6,1.4,2.758969464,NA,NA
2532888,Case Keenum,MIN,QB,29,5,9,13.792,13.792,13.792,NA,16,0.243,0,0,NA,18.7,1.5,4.270675043,NA,NA
2543583,Devonta Freeman,ATL,RB,25,3,5,13.73,13.73,13.73,NA,5,0.36,0,0,NA,6.1,1.6,2.92779558,NA,NA
2495466,Mark Ingram,NO,RB,28,6,5,13.68,13.68,13.68,NA,6,0.73,0,0,NA,6.3,1.5,2.843382522,NA,NA
2558063,Deshaun Watson,HOU,QB,22,0,7,13.554,13.554,13.554,NA,17,0.484,0,0,NA,13.2,2.5,7.91729983,NA,NA
2506109,Ben Roethlisberger,PIT,QB,35,13,9,13.544,13.544,13.544,NA,18,1.298,0,0,NA,16.1,1.5,4.270675043,NA,NA
2555418,Jordan Howard,CHI,RB,23,1,9,13.06,13.06,13.06,NA,7,1.065,0,0,NA,8.1,2,3.265447811,NA,NA
2552469,Melvin Gordon,LAC,RB,24,2,9,12.84,12.84,12.84,NA,8,1.795,0,0,NA,5.4,1.9,3.181034753,NA,NA
2508061,Antonio Brown,PIT,WR,29,7,9,12.77,12.77,12.77,NA,1,0.625,1,0,NA,1.4,0.7,1.732666754,NA,NA
2505076,Josh McCown,NYJ,QB,38,15,11,12.596,12.596,12.596,NA,19,1.317,0,0,NA,17.1,1.8,5.364662479,NA,NA
2495450,A.J. Green,CIN,WR,29,6,6,12.47,12.47,12.47,NA,2,1.06,1,0,NA,1.8,0.6,1.680370406,NA,NA
2555261,Jacoby Brissett,IND,QB,25,1,11,11.896,11.896,11.896,NA,20,1.248,0,0,NA,22.6,1.4,3.906012564,NA,NA
2495454,Julio Jones,ATL,WR,28,6,5,11.82,11.82,11.82,NA,3,1.425,1,0,NA,3.2,1,1.889555801,NA,NA
2557976,Joe Mixon,CIN,RB,21,0,6,11.15,11.15,11.15,NA,9,0.43,0,0,NA,10.7,1.7,3.012208638,NA,NA
2543468,Mike Evans,TB,WR,24,3,1,11,11,11,NA,4,1.445,1,0,NA,4,1,1.889555801,NA,NA
2552582,Jay Ajayi,MIA,RB,24,2,1,10.94,10.94,10.94,NA,10,0.745,0,0,NA,9.1,2.1,3.349860869,NA,NA
2553457,Trevor Siemian,DEN,QB,NA,NA,5,10.662,10.662,10.662,NA,21,0.051,0,0,NA,21,1.2,3.176687606,NA,NA
382,Joe Flacco,BAL,QB,32,9,10,10.634,10.634,10.634,NA,22,0.13,0,0,NA,23.9,1.3,3.541350085,NA,NA
2507282,Matt Moore,MIA,QB,33,10,1,10.588,10.588,10.588,NA,23,1.756,0,0,NA,21.5,2.5,7.91729983,NA,NA
2532899,Doug Martin,TB,RB,28,5,1,10.5,10.5,10.5,NA,11,0.725,0,0,NA,12.3,3.3,4.362817563,NA,NA
497240,Rob Gronkowski,NE,TE,28,7,9,10.48,10.48,10.48,NA,1,1.935,1,0,NA,1.4,0.7,2.807921715,NA,NA
2557922,C.J. Beathard,SF,QB,24,0,11,10.42,10.42,10.42,NA,24,6.659,0,0,NA,21.5,1.4,3.906012564,NA,NA
2543743,Carlos Hyde,SF,RB,26,3,11,9.89,9.89,9.89,NA,12,0.31,0,0,NA,11.8,2.8,3.940752274,NA,NA
497278,Dez Bryant,DAL,WR,29,7,6,9.79,9.79,9.79,NA,5,0.47,0,0,NA,6.1,1.7,2.255630242,NA,NA
2533034,Lamar Miller,HOU,RB,26,5,7,9.66,9.66,9.66,NA,13,0.19,0,0,NA,15.9,3.1,4.193991448,NA,NA
497149,LeGarrette Blount,PHI,RB,31,7,10,9.5,9.5,9.5,NA,14,0.22,0,0,NA,17.2,3.6,4.616056737,NA,NA
2558019,Alvin Kamara,NO,RB,21,0,5,9.44,9.44,9.44,NA,15,0.495,0,0,NA,13.7,2.2,3.434273927,NA,NA
2540154,Keenan Allen,LAC,WR,25,4,9,9.32,9.32,9.32,NA,6,0.025,0,0,NA,8.7,1.9,2.36022294,NA,NA
2540165,DeAndre Hopkins,HOU,WR,25,4,7,9.32,9.32,9.32,NA,6,0.1,0,0,NA,10.1,2.7,2.77859373,NA,NA
2530747,Doug Baldwin,SEA,WR,29,6,6,9.27,9.27,9.27,NA,8,0.105,0,0,NA,7.9,1.9,2.36022294,NA,NA
2540158,Zach Ertz,PHI,TE,27,4,10,9.2,9.2,9.2,NA,2,1.605,1,0,NA,2,0.8,2.886755157,NA,NA
2533039,Alshon Jeffery,PHI,WR,27,5,10,9.17,9.17,9.17,NA,9,0.08,0,0,NA,15.3,3.6,3.249260869,NA,NA
2556370,Michael Thomas,NO,WR,23,1,5,9.16,9.16,9.16,NA,10,0.16,0,0,NA,6.4,2.3,2.569408335,NA,NA
2543715,Jerick McKinnon,MIN,RB,25,3,9,9.12,9.12,9.12,NA,16,0.36,0,0,NA,16.2,2.7,3.856339216,NA,NA
2530515,Chris Hogan,NE,WR,29,6,9,9.02,9.02,9.02,NA,11,0.085,0,0,NA,13.3,3.3,3.092371823,NA,NA
2543471,Kelvin Benjamin,CAR,WR,26,3,11,8.98,8.98,8.98,NA,12,0.09,0,0,NA,14,2.8,2.830890079,NA,NA
71269,Michael Crabtree,OAK,WR,30,8,10,8.89,8.89,8.89,NA,13,0.105,0,0,NA,12.2,2.3,2.569408335,NA,NA
2543498,Brandin Cooks,NE,WR,24,3,9,8.89,8.89,8.89,NA,13,0.22,0,0,NA,8.7,2.7,2.77859373,NA,NA
2557997,Christian McCaffrey,CAR,RB,21,0,11,8.77,8.77,8.77,NA,17,0.04,0,0,NA,18.3,2.7,3.856339216,NA,NA
2540269,C.J. Anderson,DEN,RB,26,4,5,8.75,8.75,8.75,NA,18,0.1,0,0,NA,17.3,3.3,4.362817563,NA,NA
2540011,Chris Thompson,WAS,RB,27,4,5,8.71,8.71,8.71,NA,19,0.38,0,0,NA,15,2.8,3.940752274,NA,NA
2552487,Amari Cooper,OAK,WR,23,2,10,8.68,8.68,8.68,NA,15,0.1,0,0,NA,14.5,3.6,3.249260869,NA,NA
2552608,Stefon Diggs,MIN,WR,24,2,9,8.66,8.66,8.66,NA,16,0.265,0,0,NA,25.8,9.7,6.439338145,NA,NA
2552374,Ameer Abdullah,DET,RB,24,2,7,8.59,8.59,8.59,NA,20,0.57,0,0,NA,20.3,4,4.953708968,NA,NA
2543488,Jarvis Landry,MIA,WR,25,3,1,8.5,8.5,8.5,NA,17,0.42,0,0,NA,17.4,3.4,3.144668172,NA,NA
497328,Demaryius Thomas,DEN,WR,30,7,5,8.29,8.29,8.29,NA,18,0.46,0,0,NA,16,3.7,3.301557218,NA,NA
2556414,Rob Kelley,WAS,RB,25,1,5,8.07,8.07,8.07,NA,21,0.115,0,0,NA,33.4,4.4,5.2913612,NA,NA
2495328,Bilal Powell,NYJ,RB,29,6,11,7.97,7.97,7.97,NA,22,0.115,0,0,NA,26.9,3.9,4.86929591,NA,NA
2555464,DeAndre Washington,OAK,RB,24,1,10,7.94,7.94,7.94,NA,23,0.245,0,0,NA,27.4,3.3,4.362817563,NA,NA
2540258,Travis Kelce,KC,TE,28,4,10,7.89,7.89,7.89,NA,3,0.715,1,0,NA,2.7,0.7,2.807921715,NA,NA
2532865,T.Y. Hilton,IND,WR,28,5,11,7.87,7.87,7.87,NA,19,0.125,0,0,NA,22.7,4,3.458446264,NA,NA
2556214,Tyreek Hill,KC,WR,23,1,10,7.79,7.79,7.79,NA,20,0.12,0,0,NA,17.4,3.5,3.19696452,NA,NA
2552453,Tevin Coleman,ATL,RB,24,2,5,7.77,7.77,7.77,NA,24,0.17,0,0,NA,22.5,3,4.10957839,NA,NA
2541785,Adam Thielen,MIN,WR,27,3,9,7.7,7.7,7.7,NA,21,0.13,0,0,NA,16.9,3.3,3.092371823,NA,NA
2552458,Devin Funchess,CAR,WR,23,2,11,7.64,7.64,7.64,NA,22,0.27,0,0,NA,21.6,2.9,2.883186428,NA,NA
2506404,Frank Gore,IND,RB,34,12,11,7.62,7.62,7.62,NA,25,0.045,0,0,NA,31.1,3.6,4.616056737,NA,NA
2552631,Javorius Allen,BAL,RB,26,2,10,7.58,7.58,7.58,NA,26,0.035,0,0,NA,23.3,3.3,4.362817563,NA,NA
2556885,Jalen Richard,OAK,RB,24,1,10,7.57,7.57,7.57,NA,27,0.075,0,0,NA,24.2,2.5,3.6875131,NA,NA
2541161,Latavius Murray,MIN,RB,27,4,9,7.52,7.52,7.52,NA,28,0.075,0,0,NA,25.7,3.7,4.700469795,NA,NA
1581,DeSean Jackson,TB,WR,31,9,1,7.5,7.5,7.5,NA,23,0.265,0,0,NA,25.1,2.5,2.674001033,NA,NA
2555461,Wendell Smallwood,PHI,RB,23,1,10,7.47,7.47,7.47,NA,29,0.095,0,0,NA,31.3,4.3,5.206948142,NA,NA
949,Jonathan Stewart,CAR,RB,30,9,11,7.42,7.42,7.42,NA,30,0.1,0,0,NA,33.7,4.8,5.629013431,NA,NA
234,Matt Forte,NYJ,RB,32,9,11,7.33,7.33,7.33,NA,31,0.12,0,0,NA,28.2,4.2,5.122535084,NA,NA
2495469,Dion Lewis,NE,RB,27,6,9,7.31,7.31,7.31,NA,32,0.485,0,0,NA,22.4,3.9,4.86929591,NA,NA
2555341,Hunter Henry,LAC,TE,23,1,9,7.3,7.3,7.3,NA,4,0.425,1,0,NA,5,1.3,3.280922366,NA,NA
2557983,DeShone Kizer,CLE,QB,21,0,9,7.244,7.244,7.244,NA,25,6.968,0,0,NA,25.8,0.9,2.08270017,NA,NA
2552600,Nelson Agholor,PHI,WR,24,2,10,7.24,7.24,7.24,NA,24,0.075,0,0,NA,23.1,2.8,2.830890079,NA,NA
2346,Pierre Garcon,SF,WR,31,9,11,7.23,7.23,7.23,NA,25,0.165,0,0,NA,20.5,2.5,2.674001033,NA,NA
2550189,Isaiah Crowell,CLE,RB,24,3,9,7.11,7.11,7.11,NA,33,0.68,0,0,NA,36,3.2,4.278404505,NA,NA
2532884,Marvin Jones,DET,WR,27,5,7,7.1,7.1,7.1,NA,26,0.145,0,0,NA,24.2,3.6,3.249260869,NA,NA
2540160,Jordan Reed,WAS,TE,27,4,5,7.05,7.05,7.05,NA,5,0.425,0,0,NA,5.9,1.7,3.596256133,NA,NA
497326,Golden Tate,DET,WR,29,7,7,7.03,7.03,7.03,NA,27,0.32,0,0,NA,63.8,17.7,10.62304605,NA,NA
2540202,Kenny Stills,MIA,WR,25,4,1,6.88,6.88,6.88,NA,28,0.34,0,0,NA,31.6,6.5,4.765854984,NA,NA
497236,Jimmy Graham,SEA,TE,31,7,6,6.7,6.7,6.7,NA,6,0.36,0,0,NA,5.9,1.5,3.438589249,NA,NA
2550656,Cameron Brate,TB,TE,26,3,1,6.55,6.55,6.55,NA,7,0.45,0,0,NA,8.8,1.2,3.202088924,NA,NA
2555430,Alex Collins,BAL,RB,23,1,10,6.54,6.54,6.54,NA,34,0.26,0,0,NA,35.5,3.8,4.784882853,NA,NA
80429,Jeremy Maclin,BAL,WR,29,8,10,6.54,6.54,6.54,NA,29,0.07,0,0,NA,41.3,7.6,5.34111482,NA,NA
2507166,Ted Ginn,NO,WR,32,10,5,6.54,6.54,6.54,NA,29,0.23,0,0,NA,26.9,3.3,3.092371823,NA,NA
2533040,Mohamed Sanu,ATL,WR,28,5,5,6.4,6.4,6.4,NA,31,0.2,0,0,NA,32.6,3.8,3.353853567,NA,NA
2552461,Duke Johnson,CLE,RB,24,2,9,6.32,6.32,6.32,NA,35,0.21,0,0,NA,29,3.4,4.447230621,NA,NA
2543773,James White,NE,RB,25,3,9,6.24,6.24,6.24,NA,36,0.325,0,0,NA,29.7,4,4.953708968,NA,NA
2556462,Robby Anderson,NYJ,WR,24,1,11,6.22,6.22,6.22,NA,32,0.075,0,0,NA,31,3.5,3.19696452,NA,NA
2532887,Jermaine Kearse,NYJ,WR,27,5,11,6.18,6.18,6.18,NA,33,0.17,0,0,NA,30.6,3.9,3.406149916,NA,NA
2543683,Austin Seferian-Jenkins,NYJ,TE,25,3,11,6.13,6.13,6.13,NA,8,0.115,0,0,NA,7.7,1.5,3.438589249,NA,NA
2555346,Will Fuller,HOU,WR,23,1,7,6.11,6.11,6.11,NA,34,0.21,0,0,NA,29.6,4,3.458446264,NA,NA
2552586,Tyler Kroft,CIN,TE,25,2,6,6.07,6.07,6.07,NA,9,0.145,0,0,NA,11.6,2.3,4.069256784,NA,NA
2558250,Tarik Cohen,CHI,RB,22,0,9,5.98,5.98,5.98,NA,37,0.13,0,0,NA,36.9,4.3,5.206948142,NA,NA
2495438,Kyle Rudolph,MIN,TE,28,6,9,5.96,5.96,5.96,NA,10,0.135,0,0,NA,6.6,2,3.832756458,NA,NA
2649,Danny Amendola,NE,WR,32,9,9,5.91,5.91,5.91,NA,35,0.05,0,0,NA,34.8,4.2,3.563038962,NA,NA
2505629,Jason Witten,DAL,TE,35,14,6,5.89,5.89,5.89,NA,11,0.31,0,0,NA,9.8,1.4,3.359755808,NA,NA
2543491,Paul Richardson,SEA,WR,25,3,6,5.89,5.89,5.89,NA,36,0.085,0,0,NA,39.4,4.9,3.929113403,NA,NA
2539663,Mike Gillislee,NE,RB,27,4,9,5.85,5.85,5.85,NA,38,0.015,0,0,NA,40.2,3.6,4.616056737,NA,NA
2553733,Thomas Rawls,SEA,RB,24,2,6,5.85,5.85,5.85,NA,38,0.255,0,0,NA,38.9,3.2,4.278404505,NA,NA
2558149,JuJu Smith-Schuster,PIT,WR,21,0,9,5.83,5.83,5.83,NA,37,0.11,0,0,NA,33.3,4.5,3.719928008,NA,NA
2558123,Marlon Mack,IND,RB,NA,0,11,5.82,5.82,5.82,NA,40,0.495,0,0,NA,34.5,3,4.10957839,NA,NA
2555343,Josh Doctson,WAS,WR,NA,1,5,5.78,5.78,5.78,NA,38,0.285,0,0,NA,33.5,5.1,4.033706101,NA,NA
71265,Jared Cook,OAK,TE,30,8,10,5.76,5.76,5.76,NA,12,0.4,0,0,NA,12,1.3,3.280922366,NA,NA
2552430,Tyler Lockett,SEA,WR,25,2,6,5.66,5.66,5.66,NA,39,0.41,0,0,NA,38.5,4.3,3.615335311,NA,NA
497224,Ed Dickson,CAR,TE,30,7,11,5.4,5.4,5.4,NA,13,0.17,0,0,NA,17,2.9,4.542257435,NA,NA
2540168,Eddie Lacy,SEA,RB,26,4,6,5.37,5.37,5.37,NA,41,0.12,0,0,NA,42.7,2.7,3.856339216,NA,NA
497322,Emmanuel Sanders,DEN,WR,30,7,5,5.33,5.33,5.33,NA,40,0.16,0,0,NA,45.7,10.5,6.857708935,NA,NA
238457,Zach Miller,CHI,TE,33,8,9,5.32,5.32,5.32,NA,14,0.42,0,0,NA,14.9,3.2,4.77875776,NA,NA
2540020,Theo Riddick,DET,RB,26,4,7,5.28,5.28,5.28,NA,42,0.345,0,0,NA,39.1,5,5.797839547,NA,NA
2540156,Giovani Bernard,CIN,RB,26,4,6,5.22,5.22,5.22,NA,43,0.62,0,0,NA,43.3,2.6,3.771926158,NA,NA
2553913,Tyrell Williams,LAC,WR,NA,NA,9,5.17,5.17,5.17,NA,41,0.03,0,0,NA,36.3,5.1,4.033706101,NA,NA
2539964,Marquise Goodwin,SF,WR,27,4,11,5.17,5.17,5.17,NA,42,0.155,0,0,NA,41.7,5,3.981409752,NA,NA
2540232,Jack Doyle,IND,TE,27,4,11,5.14,5.14,5.14,NA,15,0.54,0,0,NA,13.5,2.5,4.226923667,NA,NA
2543500,Jordan Matthews,BUF,WR,25,3,6,5.11,5.11,5.11,NA,43,0.25,0,0,NA,41.1,5.2,4.08600245,NA,NA
2543614,Donte Moncrief,IND,WR,24,3,11,4.92,4.92,4.92,NA,44,0.135,0,0,NA,50.2,3.9,3.406149916,NA,NA
2550198,Bennie Fowler,DEN,WR,26,3,5,4.8,4.8,4.8,NA,45,0.045,0,0,NA,45.4,6.3,4.661262286,NA,NA
497302,Brandon LaFell,CIN,WR,31,7,6,4.77,4.77,4.77,NA,46,0.07,0,0,NA,44.4,6.5,4.765854984,NA,NA
2552415,Jamison Crowder,WAS,WR,24,2,5,4.74,4.74,4.74,NA,47,0.085,0,0,NA,41.8,3.9,3.406149916,NA,NA
2550617,Taylor Gabriel,ATL,WR,26,3,5,4.66,4.66,4.66,NA,48,0.085,0,0,NA,50.4,3.8,3.353853567,NA,NA
2555415,Austin Hooper,ATL,TE,NA,1,5,4.66,4.66,4.66,NA,16,0.21,0,0,NA,17.5,2.2,3.990423342,NA,NA
2539205,Terrance Williams,DAL,WR,28,4,6,4.65,4.65,4.65,NA,49,0.175,0,0,NA,65.8,7.3,5.184225774,NA,NA
2557994,DOnta Foreman,HOU,RB,21,0,7,4.65,4.65,4.65,NA,44,0.13,0,0,NA,45,2.3,3.518686985,NA,NA
925,Jamaal Charles,DEN,RB,31,9,5,4.55,4.55,4.55,NA,45,0.39,0,0,NA,42.1,3.4,4.447230621,NA,NA
2495826,Vernon Davis,WAS,TE,33,11,5,4.54,4.54,4.54,NA,17,0.195,0,0,NA,20.6,2.8,4.463423993,NA,NA
2535698,Cole Beasley,DAL,WR,28,5,6,4.5,4.5,4.5,NA,50,0.055,0,0,NA,55.7,5.4,4.190595147,NA,NA
2559169,Austin Ekeler,LAC,RB,NA,NA,9,4.49,4.49,4.49,NA,46,0.685,0,0,NA,48.9,2.4,3.603100043,NA,NA
2531332,Terrelle Pryor,WAS,WR,28,6,5,4.45,4.45,4.45,NA,51,0.015,0,0,NA,46.4,6.2,4.608965938,NA,NA
2553895,Adam Humphries,TB,WR,NA,NA,1,4.44,4.44,4.44,NA,52,0.025,0,0,NA,59.2,5.3,4.138298798,NA,NA
2550256,Willie Snead,NO,WR,25,3,5,4.43,4.43,4.43,NA,53,0.08,0,0,NA,48.5,6.1,4.556669589,NA,NA
2495189,Jeremy Kerley,NYJ,WR,29,6,11,4.4,4.4,4.4,NA,54,0.16,0,0,NA,56.8,4.1,3.510742613,NA,NA
2532838,Coby Fleener,NO,TE,29,5,5,4.36,4.36,4.36,NA,18,0.035,0,0,NA,25.4,2.7,4.384590551,NA,NA
2558266,George Kittle,SF,TE,24,0,11,4.33,4.33,4.33,NA,19,0.04,0,0,NA,16.4,2.9,4.542257435,NA,NA
2541316,Ryan Griffin,HOU,TE,27,4,7,4.32,4.32,4.32,NA,20,0.075,0,0,NA,21.9,3.4,4.936424644,NA,NA
2534436,Deonte Thompson,BUF,WR,28,5,6,4.3,4.3,4.3,NA,55,0.145,0,0,NA,54.6,6.6,4.818151333,NA,NA
2506122,Benjamin Watson,BAL,TE,37,13,10,4.26,4.26,4.26,NA,21,0.055,0,0,NA,19.1,3,4.621090876,NA,NA
2552403,Nick OLeary,BUF,TE,25,2,6,4.23,4.23,4.23,NA,22,0.12,0,0,NA,17.7,2.4,4.148090226,NA,NA
2543466,Eric Ebron,DET,TE,24,3,7,4.18,4.18,4.18,NA,23,0.2,0,0,NA,24.7,2.9,4.542257435,NA,NA
2550328,Brandon Coleman,NO,WR,25,3,5,4.18,4.18,4.18,NA,56,0.13,0,0,NA,59.3,6.5,4.765854984,NA,NA
2495459,Torrey Smith,PHI,WR,28,6,10,4.13,4.13,4.13,NA,57,0.2,0,0,NA,51,4.3,3.615335311,NA,NA
2495353,Julius Thomas,MIA,TE,29,6,1,4.04,4.04,4.04,NA,24,0.13,0,0,NA,21.7,3.1,4.699924318,NA,NA
2555478,Demarcus Robinson,KC,WR,NA,1,10,3.97,3.97,3.97,NA,58,0.1,0,0,NA,64.9,7.1,5.079633077,NA,NA
2557856,O.J. Howard,TB,TE,23,0,1,3.92,3.92,3.92,NA,25,0.18,0,0,NA,20.8,3.6,5.094091527,NA,NA
2557986,David Njoku,CLE,TE,21,0,9,3.9,3.9,3.9,NA,26,0.485,0,0,NA,24.8,3.8,5.251758411,NA,NA
2532790,Travis Benjamin,LAC,WR,28,5,9,3.89,3.89,3.89,NA,59,0.05,0,0,NA,55.2,8,5.550300216,NA,NA
2555473,Ricardo Louis,CLE,WR,NA,1,9,3.85,3.85,3.85,NA,60,0.055,0,0,NA,60.6,5.6,4.295187845,NA,NA
2550272,Albert Wilson,KC,WR,25,3,10,3.83,3.83,3.83,NA,61,0.08,0,0,NA,66,5,3.981409752,NA,NA
2507428,Mike Tolbert,BUF,RB,32,9,6,3.83,3.83,3.83,NA,47,0.21,0,0,NA,48.2,2.8,3.940752274,NA,NA
2539265,Rex Burkhead,NE,RB,27,4,9,3.78,3.78,3.78,NA,48,0.35,0,0,NA,47,2.8,3.940752274,NA,NA
2555209,Chris Moore,BAL,WR,24,1,10,3.76,3.76,3.76,NA,62,0.04,0,0,NA,63.1,10,6.596227191,NA,NA
2550597,Seth Roberts,OAK,WR,NA,NA,10,3.74,3.74,3.74,NA,63,0.16,0,0,NA,78.3,9.3,6.23015275,NA,NA
2541388,Brice Butler,DAL,WR,27,4,6,3.7,3.7,3.7,NA,64,0.24,0,0,NA,69.3,5.5,4.242891496,NA,NA
2552633,Jesse James,PIT,TE,23,2,9,3.58,3.58,3.58,NA,27,0.425,0,0,NA,30.2,2.9,4.542257435,NA,NA
2532977,Kendall Wright,CHI,WR,28,5,9,3.46,3.46,3.46,NA,65,0.02,0,0,NA,53.5,5.7,4.347484194,NA,NA
2558846,Mike Williams,LAC,WR,23,0,9,3.46,3.46,3.46,NA,65,0.085,0,0,NA,72.9,6.7,4.870447681,NA,NA
2558918,Matt Breida,SF,RB,22,0,11,3.46,3.46,3.46,NA,49,0.215,0,0,NA,47.1,1.9,3.181034753,NA,NA
2556440,J.D. McKissic,SEA,WR,24,1,6,3.42,3.42,3.42,NA,67,0.1,0,0,NA,NA,NA,NA,NA,NA
2555223,Devontae Booker,DEN,RB,25,1,5,3.4,3.4,3.4,NA,50,0.34,0,0,NA,52.4,5.3,6.05107872,NA,NA
71217,Kenny Britt,CLE,WR,29,8,9,3.33,3.33,3.33,NA,68,0.055,0,0,NA,70.8,8.2,5.654892913,NA,NA
2552597,Breshad Perriman,BAL,WR,24,2,10,3.31,3.31,3.31,NA,69,0.145,0,0,NA,79.3,9.4,6.282449099,NA,NA
2552580,A.J. Derby,DEN,TE,26,2,5,3.25,3.25,3.25,NA,28,0.205,0,0,NA,24.4,3.1,4.699924318,NA,NA
2557863,Zay Jones,BUF,WR,22,0,6,3.24,3.24,3.24,NA,70,0.19,0,0,NA,64,6.9,4.975040379,NA,NA
2506922,Stephen Gostkowski,NE,K,33,11,9,3.1,3.1,3.1,NA,1,0.25,1,0,NA,1.8,1.3,1.260124232,NA,NA
2543603,Jeremy Hill,CIN,RB,25,3,6,3.09,3.09,3.09,NA,51,0.265,0,0,NA,50.7,3.9,4.86929591,NA,NA
2553737,Eli Rogers,PIT,WR,NA,NA,9,3.09,3.09,3.09,NA,71,0.16,0,0,NA,84.3,12.5,7.903635911,NA,NA
2540928,Darren Fells,DET,TE,31,5,7,3.06,3.06,3.06,NA,29,0.085,0,0,NA,27.5,3.1,4.699924318,NA,NA
2505299,Antonio Gates,LAC,TE,37,14,9,3.03,3.03,3.03,NA,30,0.31,0,0,NA,29,2.2,3.990423342,NA,NA
2550268,Charcandrick West,KC,RB,26,3,10,3.03,3.03,3.03,NA,52,0.515,0,0,NA,56.2,2.6,3.771926158,NA,NA
2543759,Ryan Grant,WAS,WR,27,3,5,3.01,3.01,3.01,NA,72,0.16,0,0,NA,77.5,7.5,5.288818472,NA,NA
2540200,Dion Sims,CHI,TE,26,4,9,2.92,2.92,2.92,NA,31,0.515,0,0,NA,32.2,3.7,5.172924969,NA,NA
2558172,Jake Elliott,PHI,K,22,0,10,2.9,2.9,2.9,NA,2,0.2,1,0,NA,2.4,1.8,2.641328351,NA,NA
2558010,John Ross,CIN,WR,NA,0,6,2.85,2.85,2.85,NA,73,0.045,0,0,NA,86.1,12.6,7.95593226,NA,NA
2541944,Russell Shepard,CAR,WR,27,4,11,2.85,2.85,2.85,NA,74,0.095,0,0,NA,84.8,8.1,5.602596564,NA,NA
2556601,Wil Lutz,NO,K,23,1,5,2.8,2.8,2.8,NA,3,0.2,0,0,NA,3.4,1.5,1.812605879,NA,NA
2543646,Bruce Ellington,HOU,WR,26,3,7,2.76,2.76,2.76,NA,75,0.025,0,0,NA,73.3,6.9,4.975040379,NA,NA
2530660,Kamar Aiken,IND,WR,28,6,11,2.75,2.75,2.75,NA,76,0.03,0,0,NA,86.1,7.2,5.131929425,NA,NA
81306,Brandon Tate,BUF,WR,30,8,6,2.72,2.72,2.72,NA,77,0.045,0,0,NA,97.6,6.4,4.713558635,NA,NA
2558202,Trent Taylor,SF,WR,23,0,11,2.72,2.72,2.72,NA,77,0.09,0,0,NA,81.1,8.7,5.916374657,NA,NA
2495453,Andre Holmes,BUF,WR,29,6,6,2.63,2.63,2.63,NA,79,0.01,0,0,NA,89.9,9.3,6.23015275,NA,NA
2555214,Laquon Treadwell,MIN,WR,22,1,9,2.63,2.63,2.63,NA,80,0.02,0,0,NA,68.9,6.6,4.818151333,NA,NA
2550512,Damien Williams,MIA,RB,25,3,1,2.62,2.62,2.62,NA,53,0.27,0,0,NA,59.3,4.9,5.713426489,NA,NA
2540145,Cordarrelle Patterson,OAK,WR,26,4,10,2.61,2.61,2.61,NA,81,0.115,0,0,NA,76.3,8.3,5.707189262,NA,NA
2554138,Kasen Williams,CLE,WR,NA,2,9,2.61,2.61,2.61,NA,81,0.235,0,0,NA,83,10.5,6.857708935,NA,NA
2504797,Matt Bryant,ATL,K,42,15,5,2.6,2.6,2.6,NA,4,0.05,0,0,NA,6.7,2.9,5.679977412,NA,NA
2506386,Mike Nugent,DAL,K,35,12,6,2.6,2.6,2.6,NA,4,0.15,0,0,NA,15.9,3.3,6.784940707,NA,NA
2556365,Seth DeValve,CLE,TE,24,1,9,2.52,2.52,2.52,NA,32,0.285,0,0,NA,31.6,2.9,4.542257435,NA,NA
2533444,Randy Bullock,CIN,K,28,5,6,2.5,2.5,2.5,NA,6,0.15,0,0,NA,8.4,2.6,4.851254941,NA,NA
2533457,Alfred Morris,DAL,RB,29,5,6,2.41,2.41,2.41,NA,54,0.245,0,0,NA,58.1,3.9,4.86929591,NA,NA
2556450,Nick Rose,WAS,K,23,1,5,2.4,2.4,2.4,NA,7,0.1,0,0,NA,15,2.4,4.298773293,NA,NA
2559176,Tanner Gentry,CHI,WR,NA,0,9,2.38,2.38,2.38,NA,83,0.025,0,0,NA,79.4,6.1,4.556669589,NA,NA
2550163,Michael Campanaro,BAL,WR,26,3,10,2.37,2.37,2.37,NA,84,0.075,0,0,NA,76.1,10,6.596227191,NA,NA
2558066,Curtis Samuel,CAR,WR,21,0,11,2.34,2.34,2.34,NA,85,0.09,0,0,NA,90.9,7.4,5.236522123,NA,NA
2495150,Kai Forbath,MIN,K,30,6,9,2.3,2.3,2.3,NA,8,0,0,0,NA,7.4,2.6,4.851254941,NA,NA
2507374,Steven Hauschka,BUF,K,NA,NA,6,2.3,2.3,2.3,NA,8,0.05,0,0,NA,10.5,3.7,7.889904003,NA,NA
2558245,Harrison Butker,KC,K,22,0,10,2.3,2.3,2.3,NA,8,0.1,0,0,NA,4.8,1.9,2.917569175,NA,NA
2495288,Virgil Green,DEN,TE,29,6,5,2.29,2.29,2.29,NA,33,0.135,0,0,NA,36.4,1.8,3.675089575,NA,NA
2543770,Charles Sims,TB,RB,27,3,1,2.29,2.29,2.29,NA,55,0.29,0,0,NA,54.3,3,4.10957839,NA,NA
2552428,Tre McBride,CHI,WR,25,2,9,2.25,2.25,2.25,NA,86,0.01,0,0,NA,87.8,10.3,6.753116238,NA,NA
2555468,Rashard Higgins,CLE,WR,23,1,9,2.25,2.25,2.25,NA,86,0.035,0,0,NA,86.4,8.8,5.968671006,NA,NA
2556697,Bryce Treggs,CLE,WR,23,1,9,2.23,2.23,2.23,NA,88,0.055,0,0,NA,97.4,9,6.073263703,NA,NA
71309,Graham Gano,CAR,K,30,8,11,2.2,2.2,2.2,NA,11,0,0,0,NA,12.7,2.5,4.575014117,NA,NA
2506194,Nick Novak,LAC,K,NA,NA,9,2.2,2.2,2.2,NA,11,0,0,0,NA,14.3,3.5,7.337422355,NA,NA
2532968,Blair Walsh,SEA,K,27,5,6,2.2,2.2,2.2,NA,11,0.05,0,0,NA,10.8,2.5,4.575014117,NA,NA
2550545,Chris Boswell,PIT,K,28,3,9,2.2,2.2,2.2,NA,11,0.15,0,0,NA,10.8,2.6,4.851254941,NA,NA
2552418,Justin Hardy,ATL,WR,26,2,5,2.2,2.2,2.2,NA,89,0.135,0,0,NA,89.6,7.9,5.498003867,NA,NA
2556463,Stephen Anderson,HOU,TE,24,1,7,2.18,2.18,2.18,NA,34,0.13,0,0,NA,34,4,5.409425295,NA,NA
2495331,Aldrick Robinson,SF,WR,29,6,11,2.15,2.15,2.15,NA,90,0.185,0,0,NA,78.2,7.3,5.184225774,NA,NA
2550284,Trey Burton,PHI,TE,26,3,10,2.13,2.13,2.13,NA,35,0.22,0,0,NA,37,3.7,5.172924969,NA,NA
2543533,Patrick Murray,TB,K,26,3,1,2.1,2.1,2.1,NA,15,0.1,0,0,NA,18.1,2.7,5.127495765,NA,NA
2557934,Elijah McGuire,NYJ,RB,23,0,11,2.04,2.04,2.04,NA,56,0.09,0,0,NA,56.5,3.7,4.700469795,NA,NA
2535686,Giorgio Tavecchio,OAK,K,27,5,10,2,2,2,NA,16,0,0,0,NA,16.2,2.6,4.851254941,NA,NA
2536340,Justin Tucker,BAL,K,28,5,10,2,2,2,NA,16,0.05,0,0,NA,6,3.6,7.613663179,NA,NA
2550325,Chandler Catanzaro,NYJ,K,26,3,11,2,2,2,NA,16,0.1,0,0,NA,18.3,2.5,4.575014117,NA,NA
2543774,Jared Abbrederis,DET,WR,27,3,7,1.98,1.98,1.98,NA,91,0.035,0,0,NA,91,7.4,5.236522123,NA,NA
2541199,Luke Willson,SEA,TE,27,4,6,1.97,1.97,1.97,NA,36,0.16,0,0,NA,37.9,4.9,6.118926271,NA,NA
2495471,Jacquizz Rodgers,TB,RB,27,6,1,1.96,1.96,1.96,NA,57,0.03,0,0,NA,63.6,4.5,5.375774258,NA,NA
2556519,Alex Erickson,CIN,WR,25,1,6,1.95,1.95,1.95,NA,92,0.04,0,0,NA,93.5,7.7,5.393411169,NA,NA
2540230,Kyle Juszczyk,SF,RB,26,4,11,1.94,1.94,1.94,NA,58,0.095,0,0,NA,68.2,5,5.797839547,NA,NA
2553606,Jordan Taylor,DEN,WR,25,2,5,1.94,1.94,1.94,NA,93,0.06,0,0,NA,88.2,8.3,5.707189262,NA,NA
2557978,James Conner,PIT,RB,22,0,9,1.92,1.92,1.92,NA,59,0.24,0,0,NA,62,3.1,4.193991448,NA,NA
2506677,Matt Prater,DET,K,33,11,7,1.9,1.9,1.9,NA,19,0.05,0,0,NA,9.8,3.2,6.508699884,NA,NA
2507463,Connor Barth,CHI,K,31,9,9,1.9,1.9,1.9,NA,19,0.15,0,0,NA,21.3,2.2,3.746291646,NA,NA
2555215,Leonte Carroo,MIA,WR,23,1,1,1.88,1.88,1.88,NA,94,0.025,0,0,NA,96.8,8.2,5.654892913,NA,NA
80427,Darrius Heyward-Bey,PIT,WR,30,8,9,1.88,1.88,1.88,NA,95,0.06,0,0,NA,103.8,9.5,6.334745447,NA,NA
2541187,Demetrius Harris,KC,TE,26,4,10,1.85,1.85,1.85,NA,37,0.115,0,0,NA,35.9,2.9,4.542257435,NA,NA
2543638,DeAnthony Thomas,KC,WR,24,3,10,1.83,1.83,1.83,NA,96,0.035,0,0,NA,92,8.4,5.759485611,NA,NA
2535876,Griff Whalen,BAL,WR,27,5,10,1.81,1.81,1.81,NA,97,0.045,0,0,NA,100.7,10.2,6.700819889,NA,NA
2556521,Kaimi Fairbairn,HOU,K,23,1,7,1.8,1.8,1.8,NA,21,0.1,0,0,NA,19.6,3.5,7.337422355,NA,NA
2558105,Chris Godwin,TB,WR,21,0,1,1.78,1.78,1.78,NA,98,0.065,0,0,NA,83.8,11,7.119190679,NA,NA
2550658,Branden Oliver,LAC,RB,26,3,9,1.77,1.77,1.77,NA,60,0.22,0,0,NA,67.9,5.2,5.966665663,NA,NA
2552402,Nick Boyle,BAL,TE,24,2,10,1.77,1.77,1.77,NA,38,0.1,0,0,NA,33.9,2.5,4.226923667,NA,NA
2540151,Justin Hunter,PIT,WR,26,4,9,1.75,1.75,1.75,NA,99,0.075,0,0,NA,95.5,12.1,7.694450516,NA,NA
2552399,Jeff Heuerman,DEN,TE,25,2,5,1.7,1.7,1.7,NA,39,0.125,0,0,NA,46.9,5.8,6.828427247,NA,NA
2541556,Brandon McManus,DEN,K,26,3,5,1.7,1.7,1.7,NA,22,0.05,0,0,NA,22.1,3.4,7.061181531,NA,NA
2550380,Cody Parkey,MIA,K,25,3,1,1.7,1.7,1.7,NA,22,0.15,0,0,NA,21.9,2.8,5.403736589,NA,NA
2532978,Jarius Wright,MIN,WR,28,5,9,1.68,1.68,1.68,NA,100,0.05,0,0,NA,74.9,9.3,6.23015275,NA,NA
2532841,Michael Floyd,MIN,WR,28,5,9,1.67,1.67,1.67,NA,101,0.095,0,0,NA,95.3,11,7.119190679,NA,NA
2495835,Anthony Fasano,MIA,TE,33,11,1,1.64,1.64,1.64,NA,40,0.16,0,0,NA,40.9,2.8,4.463423993,NA,NA
2503471,Adam Vinatieri,IND,K,45,21,11,1.6,1.6,1.6,NA,24,0.2,0,0,NA,17.9,3.7,7.889904003,NA,NA
2556118,Dwayne Washington,DET,RB,NA,1,7,1.59,1.59,1.59,NA,61,0.38,0,0,NA,73.8,5.2,5.966665663,NA,NA
2558150,ArDarius Stewart,NYJ,WR,NA,0,11,1.59,1.59,1.59,NA,102,0.065,0,0,NA,102,7.2,5.131929425,NA,NA
2530700,Dontrelle Inman,CHI,WR,28,4,9,1.56,1.56,1.56,NA,103,0.09,0,0,NA,NA,NA,NA,NA,NA
2534820,Garrett Celek,SF,TE,29,5,11,1.51,1.51,1.51,NA,41,0.13,0,0,NA,45.4,2.8,4.463423993,NA,NA
2559150,Corey Clement,PHI,RB,NA,0,10,1.51,1.51,1.51,NA,62,0.62,0,0,NA,56.1,4.2,5.122535084,NA,NA
2506264,Robbie Gould,SF,K,35,12,11,1.5,1.5,1.5,NA,25,0.2,0,0,NA,21.8,2.6,4.851254941,NA,NA
2558262,Mack Hollins,PHI,WR,24,0,10,1.49,1.49,1.49,NA,104,0.19,0,0,NA,89.1,10.2,6.700819889,NA,NA
2553744,Eric Tomlinson,NYJ,TE,NA,NA,11,1.45,1.45,1.45,NA,42,0.145,0,0,NA,44.3,4.8,6.040092829,NA,NA
2557905,Amara Darboh,SEA,WR,23,0,6,1.45,1.45,1.45,NA,105,0.365,0,0,NA,100.1,5.6,4.295187845,NA,NA
2558144,Adam Shaheen,CHI,TE,23,0,9,1.31,1.31,1.31,NA,43,0.03,0,0,NA,55.2,11.2,11.0854331,NA,NA
497246,Michael Hoomanawanui,NO,TE,29,7,5,1.3,1.3,1.3,NA,44,0.075,0,0,NA,37.4,5.4,6.51309348,NA,NA
2558178,Zane Gonzalez,CLE,K,NA,0,9,1.3,1.3,1.3,NA,26,NA,0,0,NA,25.5,1.1,0.707642584,NA,NA
2550521,Xavier Grimble,PIT,TE,25,3,9,1.26,1.26,1.26,NA,45,0.16,0,0,NA,56,5.2,6.355426596,NA,NA
2552559,C.J. Uzomah,CIN,TE,24,2,6,1.19,1.19,1.19,NA,46,0.42,0,0,NA,42.1,1.5,3.438589249,NA,NA
2556396,Chester Rogers,IND,WR,23,1,11,1.15,1.15,1.15,NA,106,0.19,0,0,NA,102.3,9.1,6.125560052,NA,NA
2556805,Johnny Holton,OAK,WR,26,1,10,1.02,1.02,1.02,NA,107,0.195,0,0,NA,112.2,10.4,6.805412586,NA,NA
2541834,Josh Hill,NO,TE,27,4,5,1.01,1.01,1.01,NA,47,0.505,0,0,NA,47.1,3.8,5.251758411,NA,NA
2558138,Samaje Perine,WAS,RB,22,0,5,0.91,0.91,0.91,NA,63,0.055,0,0,NA,53.1,4.6,5.460187315,NA,NA
2556752,Tommylee Lewis,NO,WR,25,1,5,0.9,0.9,0.9,NA,108,0.175,0,0,NA,94.6,7.5,5.288818472,NA,NA
2536044,Jamize Olawale,OAK,RB,28,5,10,0.87,0.87,0.87,NA,64,0.035,0,0,NA,64.3,4.3,5.206948142,NA,NA
2555230,Kenyan Drake,MIA,RB,NA,1,1,0.84,0.84,0.84,NA,65,0.035,0,0,NA,70.6,6.3,6.895209299,NA,NA
284,Darren McFadden,DAL,RB,30,9,6,0.83,0.83,0.83,NA,66,0.1,0,0,NA,71.6,4.2,5.122535084,NA,NA
2553762,Terron Ward,ATL,RB,NA,NA,5,0.78,0.78,0.78,NA,67,0.135,0,0,NA,75.9,6.3,6.895209299,NA,NA
2535964,Josh Bellamy,CHI,WR,28,5,9,0.75,0.75,0.75,NA,109,0.05,0,0,NA,83.8,14.7,9.054155584,NA,NA
2552470,Sammie Coates,CLE,WR,24,2,9,0.7,0.7,0.7,NA,110,0.015,0,0,NA,112.3,17.9,10.72763875,NA,NA
2556190,Jakeem Grant,MIA,WR,25,1,1,0.7,0.7,0.7,NA,110,0.04,0,0,NA,105.9,8.4,5.759485611,NA,NA
2553743,Rod Smith,DAL,RB,NA,NA,6,0.68,0.68,0.68,NA,68,0.07,0,0,NA,64.6,4.5,5.375774258,NA,NA
2532933,Brian Quick,WAS,WR,28,5,5,0.67,0.67,0.67,NA,112,0.025,0,0,NA,111.7,13.6,8.478895747,NA,NA
2555348,Braxton Miller,HOU,WR,25,1,7,0.65,0.65,0.65,NA,113,0.025,0,0,NA,92.8,8.7,5.916374657,NA,NA
2543590,Cody Latimer,DEN,WR,25,3,5,0.64,0.64,0.64,NA,114,0.045,0,0,NA,105.7,18.4,10.98912049,NA,NA
2552635,Matt Jones,IND,RB,25,2,11,0.61,0.61,0.61,NA,69,0.005,0,0,NA,83,14.2,13.56384087,NA,NA
2558129,Isaiah McKenzie,DEN,WR,22,0,5,0.61,0.61,0.61,NA,115,0.095,0,0,NA,122,12,7.642154167,NA,NA
2541544,Benny Cunningham,CHI,RB,27,4,9,0.61,0.61,0.61,NA,70,0.09,0,0,NA,63.8,6.3,6.895209299,NA,NA
2552375,Cameron Artis-Payne,CAR,RB,25,2,11,0.6,0.6,0.6,NA,71,0.175,0,0,NA,79.2,6.1,6.726383183,NA,NA
2540279,Nick Williams,ATL,WR,27,4,5,0.58,0.58,0.58,NA,116,0.14,0,0,NA,117,20,11.82586207,NA,NA
2507218,Brent Celek,PHI,TE,32,10,10,0.53,0.53,0.53,NA,48,0.065,0,0,NA,46.1,3.3,4.857591202,NA,NA
2533028,James Hanna,DAL,TE,28,5,6,0.48,0.48,0.48,NA,49,0.035,0,0,NA,52.5,3.1,4.699924318,NA,NA
497320,Andre Roberts,ATL,WR,29,7,5,0.45,0.45,0.45,NA,117,0.025,0,0,NA,NA,NA,NA,NA,NA
2553454,Geoff Swaim,DAL,TE,NA,NA,6,0.45,0.45,0.45,NA,50,0.015,0,0,NA,48.5,3.5,5.015258086,NA,NA
2540203,Levine Toilolo,ATL,TE,26,4,5,0.44,0.44,0.44,NA,51,0.015,0,0,NA,48.3,2.9,4.542257435,NA,NA
2553631,Zach Zenner,DET,RB,NA,NA,7,0.44,0.44,0.44,NA,72,0.03,0,0,NA,65.4,5.3,6.05107872,NA,NA
2531049,Chris Matthews,BAL,WR,28,4,10,0.43,0.43,0.43,NA,118,0.01,0,0,NA,126,10,6.596227191,NA,NA
2533046,Dwayne Allen,NE,TE,27,5,9,0.43,0.43,0.43,NA,52,0.015,0,0,NA,54.2,10.8,10.77009934,NA,NA
2539645,Brandon Williams,IND,TE,30,5,11,0.42,0.42,0.42,NA,53,0.015,0,0,NA,53.7,2.6,4.305757109,NA,NA
2552424,Phillip Dorsett,NE,WR,24,2,9,0.42,0.42,0.42,NA,119,0.005,0,0,NA,85.6,11.5,7.380672423,NA,NA
2555331,Cody Core,CIN,WR,23,1,6,0.42,0.42,0.42,NA,119,0.01,0,0,NA,102.7,8.2,5.654892913,NA,NA
2532797,Brandon Bolden,NE,RB,27,5,9,0.41,0.41,0.41,NA,73,0.02,0,0,NA,NA,NA,NA,NA,NA
2534571,Bobby Rainey,BAL,RB,30,5,10,0.41,0.41,0.41,NA,73,0.04,0,0,NA,70.6,4.8,5.629013431,NA,NA
2552622,Chris Manhertz,CAR,TE,NA,NA,11,0.41,0.41,0.41,NA,54,0.035,0,0,NA,50.2,4.7,5.961259387,NA,NA
2552651,Kaelin Clay,CAR,WR,25,2,11,0.41,0.41,0.41,NA,121,0,0,0,NA,NA,NA,NA,NA,NA
2557034,Marvin Hall,ATL,WR,24,1,5,0.41,0.41,0.41,NA,121,0,0,0,NA,104.7,13.1,8.217414004,NA,NA
2558091,Noah Brown,DAL,WR,NA,0,6,0.41,0.41,0.41,NA,121,0.005,0,0,NA,109,7.5,5.288818472,NA,NA
2558928,Austin Carr,NO,WR,24,0,5,0.41,0.41,0.41,NA,121,0.01,0,0,NA,NA,NA,NA,NA,NA
2557866,Jehu Chesson,KC,WR,24,0,10,0.4,0.4,0.4,NA,125,0.005,0,0,NA,NA,NA,NA,NA,NA
2558886,Darrell Daniels,IND,TE,23,1,11,0.4,0.4,0.4,NA,55,0.05,0,0,NA,56.3,3.7,5.172924969,NA,NA
2558912,Victor Bolden,SF,WR,22,0,11,0.4,0.4,0.4,NA,125,0.01,0,0,NA,NA,NA,NA,NA,NA
2552431,Vince Mayle,BAL,WR,NA,NA,10,0.39,0.39,0.39,NA,127,5.55E-17,0,0,NA,117,7,5.027336728,NA,NA
2558127,Josh Malone,CIN,WR,21,0,6,0.39,0.39,0.39,NA,128,0.02,0,0,NA,109.5,2.5,2.674001033,NA,NA
2558258,Shelton Gibson,PHI,WR,22,0,10,0.39,0.39,0.39,NA,128,0.045,0,0,NA,NA,NA,NA,NA,NA
2556411,Josh Ferguson,IND,RB,24,1,11,0.37,0.37,0.37,NA,75,0.02,0,0,NA,76.3,5.1,5.882252605,NA,NA
2556466,Peyton Barber,TB,RB,23,1,1,0.37,0.37,0.37,NA,75,0.05,0,0,NA,77,0,1.577186654,NA,NA
2552397,Clive Walford,OAK,TE,26,2,10,0.35,0.35,0.35,NA,56,0.015,0,0,NA,51.1,4.9,6.118926271,NA,NA
2553467,Quan Bray,IND,WR,NA,NA,11,0.35,0.35,0.35,NA,130,0.025,0,0,NA,113,7,5.027336728,NA,NA
2555306,David Morgan,MIN,TE,24,1,9,0.35,0.35,0.35,NA,56,0.03,0,0,NA,NA,NA,NA,NA,NA
2558914,Kendrick Bourne,SF,WR,22,0,11,0.34,0.34,0.34,NA,131,0.035,0,0,NA,115,2,2.412519289,NA,NA
2553867,Mack Brown,WAS,RB,NA,NA,5,0.33,0.33,0.33,NA,77,0.02,0,0,NA,83,3,4.10957839,NA,NA
2552478,Blake Bell,MIN,TE,26,2,9,0.32,0.32,0.32,NA,58,0.01,0,0,NA,NA,NA,NA,NA,NA
2558049,Michael Roberts,DET,TE,23,0,7,0.32,0.32,0.32,NA,58,0.02,0,0,NA,65,12,11.71610064,NA,NA
2556855,Marcus Johnson,PHI,WR,23,1,10,0.31,0.31,0.31,NA,132,0.015,0,0,NA,109.7,11.6,7.432968772,NA,NA
2543600,Alfred Blue,HOU,RB,26,3,7,0.31,0.31,0.31,NA,78,0.005,0,0,NA,78.1,3.9,4.86929591,NA,NA
2539289,Kenjon Barner,PHI,RB,28,4,10,0.31,0.31,0.31,NA,79,0.02,0,0,NA,67.9,4.6,5.460187315,NA,NA
2495347,Lee Smith,OAK,TE,30,6,10,0.3,0.3,0.3,NA,60,0.015,0,0,NA,54.4,2.2,3.990423342,NA,NA
2556773,Hunter Sharp,DEN,WR,23,1,5,0.3,0.3,0.3,NA,133,0.025,0,0,NA,117.5,1.5,2.151037545,NA,NA
2557987,Matthew Dayes,CLE,RB,NA,0,9,0.3,0.3,0.3,NA,80,0.02,0,0,NA,83.3,3.7,4.700469795,NA,NA
2558023,Eric Saubert,ATL,TE,23,0,5,0.3,0.3,0.3,NA,60,0.03,0,0,NA,NA,NA,NA,NA,NA
2557960,Ryan Switzer,DAL,WR,23,0,6,0.29,0.29,0.29,NA,134,0.045,0,0,NA,111.4,7.6,5.34111482,NA,NA
2555219,Daniel Lasco,NO,RB,25,1,5,0.28,0.28,0.28,NA,81,0.01,0,0,NA,NA,NA,NA,NA,NA
2530763,Patrick DiMarco,BUF,RB,28,6,6,0.28,0.28,0.28,NA,82,0.02,0,0,NA,78.8,4.9,5.713426489,NA,NA
2533436,Brock Osweiler,DEN,QB,27,5,5,0.278,0.278,0.278,NA,26,0.016,0,0,NA,NA,NA,NA,NA,NA
81294,Brian Hoyer,SF,QB,32,8,11,0.274,0.274,0.274,NA,27,0.029,0,0,NA,NA,NA,NA,NA,NA
2495211,Niles Paul,WAS,TE,28,6,5,0.27,0.27,0.27,NA,62,0.005,0,0,NA,48,1,3.04442204,NA,NA
2557886,Jeremy Sprinkle,WAS,TE,23,0,5,0.27,0.27,0.27,NA,62,0.015,0,0,NA,NA,NA,NA,NA,NA
2543565,Andre Williams,LAC,RB,25,3,9,0.26,0.26,0.26,NA,83,0.015,0,0,NA,87,12,11.7067536,NA,NA
2555289,Nick Vannett,SEA,TE,NA,1,6,0.26,0.26,0.26,NA,64,0.01,0,0,NA,52.7,5.3,6.434260038,NA,NA
2557850,DeAngelo Henderson,DEN,RB,25,0,5,0.26,0.26,0.26,NA,83,0.03,0,0,NA,NA,NA,NA,NA,NA
2558069,Chad Hansen,NYJ,WR,22,0,11,0.26,0.26,0.26,NA,135,0.035,0,0,NA,108.5,7.5,5.288818472,NA,NA
2539275,Mike Glennon,CHI,QB,28,4,9,0.25,0.25,0.25,NA,28,0.012,0,0,NA,NA,NA,NA,NA,NA
2540259,MarQueis Gray,MIA,TE,27,4,1,0.25,0.25,0.25,NA,65,0,0,0,NA,NA,NA,NA,NA,NA
2550206,Ryan Hewitt,CIN,TE,26,3,6,0.25,0.25,0.25,NA,65,0.005,0,0,NA,NA,NA,NA,NA,NA
2554630,Ross Travis,KC,TE,24,2,10,0.25,0.25,0.25,NA,65,0.01,0,0,NA,53.3,3.5,5.015258086,NA,NA
2495234,Luke Stocker,TB,TE,29,6,1,0.24,0.24,0.24,NA,68,0.005,0,0,NA,64.5,13.5,12.89860227,NA,NA
2552369,Bryce Petty,NYJ,QB,26,2,11,0.24,0.24,0.24,NA,29,0.007,0,0,NA,NA,NA,NA,NA,NA
2553552,Khari Lee,BUF,TE,NA,NA,6,0.24,0.24,0.24,NA,68,0.01,0,0,NA,NA,NA,NA,NA,NA
2532842,Nick Foles,PHI,QB,28,5,10,0.236,0.236,0.236,NA,30,0.009,0,0,NA,NA,NA,NA,NA,NA
2550246,Bernard Reedy,TB,WR,26,3,1,0.23,0.23,0.23,NA,136,0.015,0,0,NA,101,5,3.981409752,NA,NA
2543497,AJ McCarron,CIN,QB,27,3,6,0.23,0.23,0.23,NA,31,0.009,0,0,NA,NA,NA,NA,NA,NA
2535943,Sean McGrath,LAC,TE,30,5,9,0.23,0.23,0.23,NA,70,0.01,0,0,NA,NA,NA,NA,NA,NA
2552660,Randall Telfer,CLE,TE,25,2,9,0.23,0.23,0.23,NA,70,0.025,0,0,NA,NA,NA,NA,NA,NA
2558113,Elijah Hood,OAK,RB,NA,0,10,0.23,0.23,0.23,NA,85,0.015,0,0,NA,78.1,13,12.55088418,NA,NA
2559325,Trey Edmunds,NO,RB,NA,NA,5,0.23,0.23,0.23,NA,85,0.035,0,0,NA,79,1,2.421317233,NA,NA
497123,Colt McCoy,WAS,QB,31,7,5,0.224,0.224,0.224,NA,32,0.014,0,0,NA,NA,NA,NA,NA,NA
2556612,Tanner McEvoy,SEA,WR,24,1,6,0.22,0.22,0.22,NA,137,0.055,0,0,NA,109.5,1.5,2.151037545,NA,NA
2539287,Landry Jones,PIT,QB,28,4,9,0.218,0.218,0.218,NA,33,0.019,0,0,NA,NA,NA,NA,NA,NA
2558956,Jacob Hollister,NE,TE,24,0,9,0.21,0.21,0.21,NA,72,0.02,0,0,NA,NA,NA,NA,NA,NA
2559368,Chris Thompson,HOU,WR,NA,0,7,0.21,0.21,0.21,NA,138,0.15,0,0,NA,118,12,7.642154167,NA,NA
2533349,Austin Davis,SEA,QB,28,5,6,0.202,0.202,0.202,NA,34,0.009,0,0,NA,NA,NA,NA,NA,NA
2550633,Senorise Perry,MIA,RB,26,3,1,0.2,0.2,0.2,NA,87,0.01,0,0,NA,NA,NA,NA,NA,NA
2558929,Cethan Carter,CIN,TE,24,0,6,0.2,0.2,0.2,NA,73,0.025,0,0,NA,NA,NA,NA,NA,NA
2539228,EJ Manuel,OAK,QB,27,4,10,0.196,0.196,0.196,NA,35,0.006,0,0,NA,NA,NA,NA,NA,NA
81284,Chase Daniel,NO,QB,31,8,5,0.19,0.19,0.19,NA,36,0,0,0,NA,NA,NA,NA,NA,NA
2506895,Kellen Clemens,LAC,QB,34,11,9,0.19,0.19,0.19,NA,36,0.005,0,0,NA,NA,NA,NA,NA,NA
2543801,Jimmy Garoppolo,NE,QB,26,3,9,0.19,0.19,0.19,NA,36,0.01,0,0,NA,NA,NA,NA,NA,NA
2555218,Dan Vitale,CLE,RB,NA,1,9,0.19,0.19,0.19,NA,88,0.005,0,0,NA,NA,NA,NA,NA,NA
2555432,Andy Janovich,DEN,RB,24,1,5,0.19,0.19,0.19,NA,88,0.01,0,0,NA,83.3,3.6,4.616056737,NA,NA
2495620,Clark Harris,CIN,TE,33,10,6,0.18,0.18,0.18,NA,74,0.095,0,0,NA,NA,NA,NA,NA,NA
2539303,Zach Line,NO,RB,27,4,5,0.18,0.18,0.18,NA,90,2.78E-17,0,0,NA,NA,NA,NA,NA,NA
2550235,Roosevelt Nix,PIT,RB,NA,NA,9,0.18,0.18,0.18,NA,90,2.78E-17,0,0,NA,NA,NA,NA,NA,NA
2506546,Derek Anderson,CAR,QB,34,12,11,0.18,0.18,0.18,NA,39,0.002,0,0,NA,NA,NA,NA,NA,NA
2543695,Jay Prosch,HOU,RB,25,3,7,0.18,0.18,0.18,NA,92,0.005,0,0,NA,91.5,9.5,9.59642715,NA,NA
2553660,Akeem Hunt,KC,RB,24,2,10,0.18,0.18,0.18,NA,92,0.02,0,0,NA,66.9,5.3,6.05107872,NA,NA
2558125,Patrick Mahomes,KC,QB,NA,0,10,0.18,0.18,0.18,NA,39,0.007,0,0,NA,NA,NA,NA,NA,NA
2506581,Ryan Fitzpatrick,TB,QB,35,12,1,0.176,0.176,0.176,NA,41,0.01,0,0,NA,NA,NA,NA,NA,NA
2505982,Matt Schaub,ATL,QB,36,13,5,0.17,0.17,0.17,NA,42,0.029,0,0,NA,NA,NA,NA,NA,NA
2540211,Gavin Escobar,BAL,TE,26,4,10,0.17,0.17,0.17,NA,75,0.17,0,0,NA,NA,NA,NA,NA,NA
2495472,Jordan Todman,HOU,RB,27,6,7,0.17,0.17,0.17,NA,94,0.025,0,0,NA,86.5,6.5,7.064035415,NA,NA
2495443,Ryan Mallett,BAL,QB,29,6,10,0.162,0.162,0.162,NA,43,0.045,0,0,NA,NA,NA,NA,NA,NA
2553617,Terrell Watson,PIT,RB,24,2,9,0.15,0.15,0.15,NA,95,0.01,0,0,NA,81,5.5,6.219904836,NA,NA
2495467,Taiwan Jones,BUF,RB,29,6,6,0.14,0.14,0.14,NA,96,0,0,0,NA,89,11,10.86262302,NA,NA
2555220,Derek Watt,LAC,RB,25,1,9,0.14,0.14,0.14,NA,96,2.78E-17,0,0,NA,NA,NA,NA,NA,NA
2495340,Anthony Sherman,KC,RB,29,6,10,0.14,0.14,0.14,NA,98,0.025,0,0,NA,NA,NA,NA,NA,NA
2508101,James Develin,NE,RB,29,7,9,0.14,0.14,0.14,NA,98,0.075,0,0,NA,NA,NA,NA,NA,NA
2559242,Cooper Rush,DAL,QB,NA,0,6,0.12,0.12,0.12,NA,44,0.019,0,0,NA,NA,NA,NA,NA,NA
2557896,Stacy Coley,MIN,WR,NA,0,9,0.12,0.12,0.12,NA,139,0.12,0,0,NA,117.5,14.5,8.949562886,NA,NA
2555316,Paxton Lynch,DEN,QB,23,1,5,0.114,0.114,0.114,NA,45,0.035,0,0,NA,NA,NA,NA,NA,NA
2534871,Derrick Coleman,ATL,RB,27,5,5,0.09,0.09,0.09,NA,100,0.07,0,0,NA,NA,NA,NA,NA,NA
2555387,Cody Kessler,CLE,QB,24,1,9,0.088,0.088,0.088,NA,46,0.039,0,0,NA,26.7,0.6,0.988712734,NA,NA
2543640,Tom Savage,HOU,QB,27,3,7,0.07,0.07,0.07,NA,47,0.044,0,0,NA,NA,NA,NA,NA,NA
2556603,Tre Madden,SEA,RB,24,1,6,0.04,0.04,0.04,NA,101,0.04,0,0,NA,84,2.8,3.940752274,NA,NA
2556232,Jake Rudock,DET,QB,24,1,7,0.028,0.028,0.028,NA,48,0.004,0,0,NA,NA,NA,NA,NA,NA
2495425,Scott Tolzien,IND,QB,30,6,11,0.024,0.024,0.024,NA,49,0.004,0,0,NA,NA,NA,NA,NA,NA
2558191,Nathan Peterman,BUF,QB,23,0,6,0.024,0.024,0.024,NA,49,0.012,0,0,NA,NA,NA,NA,NA,NA
2543751,David Fales,MIA,QB,27,3,1,0.016,0.016,0.016,NA,51,0.012,0,0,NA,NA,NA,NA,NA,NA
2555426,Cardale Jones,LAC,QB,25,1,9,0.008,0.008,0.008,NA,52,0.008,0,0,NA,NA,NA,NA,NA,NA
4327,Danny Woodhead,BAL,RB,32,9,10,0,0,0,NA,102,0,0,0,NA,NA,NA,NA,NA,NA
79858,Mark Sanchez,CHI,QB,31,8,9,0,0,0,NA,53,0,0,0,NA,NA,NA,NA,NA,NA
1037347,Joe Webb,BUF,QB,31,7,6,0,0,0,NA,53,0,0,0,NA,NA,NA,NA,NA,NA
2495700,Greg Olsen,CAR,TE,32,10,11,0,0,0,NA,76,0,0,0,NA,NA,NA,NA,NA,NA
2495824,Jay Cutler,MIA,QB,34,11,1,0,0,0,NA,53,0,0,0,NA,NA,NA,NA,NA,NA
2539202,Chris Gragg,NYJ,TE,27,4,11,0,0,0,NA,76,0.03,0,0,NA,NA,NA,NA,NA,NA
2539291,Markus Wheaton,CHI,WR,26,4,9,0,0,0,NA,140,0,0,0,NA,NA,NA,NA,NA,NA
2541185,Ryan Griffin,TB,QB,28,4,1,0,0,0,NA,53,0,0,0,NA,NA,NA,NA,NA,NA
2543465,Teddy Bridgewater,MIN,QB,25,3,9,0,0,0,NA,53,0,0,0,NA,NA,NA,NA,NA,NA
2543664,Terrance West,BAL,RB,26,3,10,0,0,0,NA,102,0,0,0,NA,61.5,5.7,6.388730952,NA,NA
2543792,Matt Hazel,IND,WR,25,3,11,0,0,0,NA,140,0,0,0,NA,NA,NA,NA,NA,NA
2553600,Jameill Showers,DAL,QB,NA,NA,6,0,0,0,NA,53,0,0,0,NA,NA,NA,NA,NA,NA
2555262,Jeff Driskel,CIN,QB,24,1,6,0,0,0,NA,53,0,0,0,NA,NA,NA,NA,NA,NA
2555263,Kevin Hogan,CLE,QB,25,1,9,0,0,0,NA,53,0,0,0,NA,NA,NA,NA,NA,NA
2555332,Connor Cook,OAK,QB,24,1,10,0,0,0,NA,53,0,0,0,NA,NA,NA,NA,NA,NA
2555333,Corey Coleman,CLE,WR,23,1,9,0,0,0,NA,140,0,0,0,NA,NA,NA,NA,NA,NA
2555416,Christian Hackenberg,NYJ,QB,22,1,11,0,0,0,NA,53,0,0,0,NA,NA,NA,NA,NA,NA
2555417,C.J. Prosise,SEA,RB,23,1,6,0,0,0,NA,102,0.43,0,0,NA,55.4,6.2,6.810796241,NA,NA
2555466,Tyler Boyd,CIN,WR,23,1,6,0,0,0,NA,140,0,0,0,NA,104.9,12.2,7.746746864,NA,NA
2556508,Alan Cross,TB,TE,24,1,1,0,0,0,NA,76,0.06,0,0,NA,NA,NA,NA,NA,NA
2556676,Rashawn Scott,MIA,WR,25,1,1,0,0,0,NA,140,0,0,0,NA,NA,NA,NA,NA,NA
2556827,Dom Williams,PHI,WR,27,1,10,0,0,0,NA,140,0,0,0,NA,NA,NA,NA,NA,NA
2558047,Rodney Adams,MIN,WR,23,0,9,0,0,0,NA,140,0,0,0,NA,NA,NA,NA,NA,NA
2558167,Joshua Dobbs,PIT,QB,22,0,9,0,0,0,NA,53,0,0,0,NA,NA,NA,NA,NA,NA
2558975,Taquan Mizzell,CHI,RB,24,0,9,0,0,0,NA,102,0.86,0,0,NA,NA,NA,NA,NA,NA
2559252,Kyle Sloter,MIN,QB,23,0,9,0,0,0,NA,53,NA,0,0,NA,NA,NA,NA,NA,NA
2559286,Krishawn Hogan,IND,WR,NA,0,11,0,0,0,NA,140,NA,0,0,NA,NA,NA,NA,NA,NA
2552468,Maxx Williams,BAL,TE,23,2,10,-0.06,-0.06,-0.06,NA,79,NA,0,0,NA,NA,NA,NA,NA,NA
2553728,Raheem Mostert,SF,RB,NA,NA,11,-0.86,-0.86,-0.86,NA,106,NA,0,0,NA,75.8,4.3,5.206948142,NA,NA
