"Id","Position","First Name","Nickname","Last Name","FPPG","Played","Salary","Game","Team","Opponent","Injury Indicator","Injury Details","Tier","",""
"38759-57439","QB","Patrick","Patrick Mahomes","Mahomes","28.933334350585938","3","9200","KC@DET","KC","DET","","","","",""
"38759-64401","RB","Saquon","Saquon Barkley","Barkley","14.199999491373697","3","9200","WAS@NYG","NYG","WAS","O","Ankle","","",""
"38759-55050","RB","Christian","Christian McCaffrey","McCaffrey","23.5","3","9000","CAR@HOU","CAR","HOU","","","","",""
"38759-38791","RB","Ezekiel","Ezekiel Elliott","Elliott","15.566666920979818","3","8800","DAL@NO","DAL","NO","","","","",""
"38759-16606","WR","DeAndre","DeAndre Hopkins","Hopkins","14.433333079020182","3","8700","CAR@HOU","HOU","CAR","","","","",""
"38759-14190","WR","Julio","Julio Jones","Jones","20","3","8500","TEN@ATL","ATL","TEN","","","","",""
"38759-31716","QB","Dak","Dak Prescott","Prescott","28.53333282470703","3","8400","DAL@NO","DAL","NO","","","","",""
"38759-63115","QB","Lamar","Lamar Jackson","Jackson","28.573333740234375","3","8300","CLE@BAL","BAL","CLE","","","","",""
"38759-54140","RB","Dalvin","Dalvin Cook","Cook","24.633333841959637","3","8300","MIN@CHI","MIN","CHI","","","","",""
"38759-54879","QB","Deshaun","Deshaun Watson","Watson","23.47333272298177","3","8200","CAR@HOU","HOU","CAR","","","","",""
"38759-80001","RB","Austin","Austin Ekeler","Ekeler","22.76666768391927","3","8100","LAC@MIA","LAC","MIA","","","","",""
"38759-29253","WR","Keenan","Keenan Allen","Allen","24.399998982747395","3","8100","LAC@MIA","LAC","MIA","","","","",""
"38759-42104","RB","Alvin","Alvin Kamara","Kamara","19.833333333333332","3","8000","DAL@NO","NO","DAL","","","","",""
"38759-31001","WR","Amari","Amari Cooper","Cooper","18.599999745686848","3","7900","DAL@NO","DAL","NO","","","","",""
"38759-6616","QB","Matt","Matt Ryan","Ryan","22.040000915527344","3","7900","TEN@ATL","ATL","TEN","","","","",""
"38759-31360","WR","Odell","Odell Beckham Jr.","Beckham Jr.","14.766666412353516","3","7900","CLE@BAL","CLE","BAL","","","","",""
"38759-6498","QB","Tom","Tom Brady","Brady","23.480000813802082","3","7800","NE@BUF","NE","BUF","","","","",""
"38759-22015","QB","Russell","Russell Wilson","Wilson","27.37999979654948","3","7800","SEA@ARI","SEA","ARI","","","","",""
"38759-7968","QB","Philip","Philip Rivers","Rivers","18.81999969482422","3","7800","LAC@MIA","LAC","MIA","","","","",""
"38759-14211","RB","Mark","Mark Ingram II","Ingram II","21.633333841959637","3","7800","CLE@BAL","BAL","CLE","","","","",""
"38759-38435","QB","Jared","Jared Goff","Goff","15.226666768391928","3","7700","TB@LAR","LAR","TB","","","","",""
"38759-32384","WR","Mike","Mike Evans","Evans","17.633333841959637","3","7700","TB@LAR","TB","LAR","","","","",""
"38759-14185","QB","Cam","Cam Newton","Newton","8.84000015258789","2","7700","CAR@HOU","CAR","HOU","O","Foot","","",""
"38759-28573","WR","Michael","Michael Thomas","Thomas","15.033332824707031","3","7700","DAL@NO","NO","DAL","","","","",""
"38759-33076","TE","Travis","Travis Kelce","Kelce","14.300000508626303","3","7600","KC@DET","KC","DET","","","","",""
"38759-53681","WR","Tyreek","Tyreek Hill","Hill","3.0999999046325684","1","7600","KC@DET","KC","DET","O","Shoulder","","",""
"38759-63484","QB","Kyler","Kyler Murray","Murray","19.599999745686848","3","7600","SEA@ARI","ARI","SEA","","","","",""
"38759-24849","QB","Jameis","Jameis Winston","Winston","16.593332926432293","3","7500","TB@LAR","TB","LAR","","","","",""
"38759-41535","QB","Baker","Baker Mayfield","Mayfield","13.033332824707031","3","7500","CLE@BAL","CLE","BAL","","","","",""
"38759-55987","WR","JuJu","JuJu Smith-Schuster","Smith-Schuster","12.433333079020182","3","7500","CIN@PIT","PIT","CIN","","","","",""
"38759-22031","WR","T.Y.","T.Y. Hilton","Hilton","17.833333333333332","3","7400","OAK@IND","IND","OAK","D","Quadriceps","","",""
"38759-62239","QB","Josh","Josh Allen","Allen","19.833333333333332","3","7400","NE@BUF","BUF","NE","","","","",""
"38759-63519","QB","Daniel","Daniel Jones","Jones","16.709999084472656","2","7300","WAS@NYG","NYG","WAS","","","","",""
"38759-53562","RB","Nick","Nick Chubb","Chubb","14.300000508626303","3","7300","CLE@BAL","CLE","BAL","","","","",""
"38759-30231","QB","Jacoby","Jacoby Brissett","Brissett","18.213333129882812","3","7300","OAK@IND","IND","OAK","","","","",""
"38759-57909","RB","Marlon","Marlon Mack","Mack","16.166666666666668","3","7300","OAK@IND","IND","OAK","","","","",""
"38759-29501","WR","Brandin","Brandin Cooks","Cooks","12","3","7300","TB@LAR","LAR","TB","","","","",""
"38759-22994","QB","Case","Case Keenum","Keenum","19.50666681925456","3","7200","WAS@NYG","WAS","NYG","","","","",""
"38759-55635","WR","Chris","Chris Godwin","Godwin","13.466667175292969","3","7100","TB@LAR","TB","LAR","Q","Hip","","",""
"38759-33259","QB","Teddy","Teddy Bridgewater","Bridgewater","11.6899995803833","2","7100","DAL@NO","NO","DAL","","","","",""
"38759-14187","WR","A.J.","A.J. Green","Green","14.044444613986546","9","7100","CIN@PIT","CIN","PIT","O","Ankle","","",""
"38759-14225","QB","Andy","Andy Dalton","Dalton","19.486666361490887","3","7100","CIN@PIT","CIN","PIT","","","","",""
"38759-29685","WR","Robert","Robert Woods","Woods","8.366666793823242","3","7100","TB@LAR","LAR","TB","","","","",""
"38759-79970","WR","Cooper","Cooper Kupp","Kupp","16.933333079020183","3","7000","TB@LAR","LAR","TB","","","","",""
"38759-39280","RB","Derrick","Derrick Henry","Henry","18.633333841959637","3","7000","TEN@ATL","TEN","ATL","","","","",""
"38759-64119","RB","Chris","Chris Carson","Carson","10.90000025431315","3","7000","SEA@ARI","SEA","ARI","","","","",""
"38759-39716","WR","Adam","Adam Thielen","Thielen","13.633333841959635","3","7000","MIN@CHI","MIN","CHI","","","","",""
"38759-28643","WR","Allen","Allen Robinson II","Robinson II","9.59999974568685","3","7000","MIN@CHI","CHI","MIN","","","","",""
"38759-24641","WR","Sammy","Sammy Watkins","Watkins","19.6999994913737","3","6900","KC@DET","KC","DET","","","","",""
"38759-41426","RB","Phillip","Phillip Lindsay","Lindsay","14.733333587646484","3","6900","JAC@DEN","DEN","JAC","","","","",""
"38759-6654","QB","Matthew","Matthew Stafford","Stafford","18.946666717529297","3","6900","KC@DET","DET","KC","Q","Hip","","",""
"38759-22038","QB","Kirk","Kirk Cousins","Cousins","12.593332926432291","3","6900","MIN@CHI","MIN","CHI","","","","",""
"38759-29358","QB","Marcus","Marcus Mariota","Mariota","17.746667226155598","3","6900","TEN@ATL","TEN","ATL","","","","",""
"38759-7859","WR","Julian","Julian Edelman","Edelman","12.093332926432291","3","6900","NE@BUF","NE","BUF","Q","Chest","","",""
"38759-40687","RB","James","James Conner","Conner","8.733333587646484","3","6900","CIN@PIT","PIT","CIN","","","","",""
"38759-62497","RB","David","David Johnson","Johnson","15.366666158040365","3","6800","SEA@ARI","ARI","SEA","","","","",""
"38759-52442","RB","Joe","Joe Mixon","Mixon","7.766666412353516","3","6800","CIN@PIT","CIN","PIT","","","","",""
"38759-38628","QB","Mitchell","Mitchell Trubisky","Trubisky","11.7533327738444","3","6800","MIN@CHI","CHI","MIN","","","","",""
"38759-30447","RB","Todd","Todd Gurley II","Gurley II","9.700000127156576","3","6800","TB@LAR","LAR","TB","","","","",""
"38759-45859","QB","Derek","Derek Carr","Carr","14.319999694824219","3","6800","OAK@IND","OAK","IND","","","","",""
"38759-53095","QB","Kyle","Kyle Allen","Allen","24.34000015258789","1","6800","CAR@HOU","CAR","HOU","","","","",""
"38759-41872","TE","Evan","Evan Engram","Engram","17.066666920979817","3","6800","WAS@NYG","NYG","WAS","","","","",""
"38759-61798","QB","Gardner","Gardner Minshew II","Minshew II","17.56000010172526","3","6700","JAC@DEN","JAC","DEN","","","","",""
"38759-38264","WR","Demarcus","Demarcus Robinson","Robinson","14.833333333333334","3","6700","KC@DET","KC","DET","","","","",""
"38759-25011","TE","Darren","Darren Waller","Waller","13.466667175292969","3","6700","OAK@IND","OAK","IND","","","","",""
"38759-54244","WR","Kenny","Kenny Golladay","Golladay","12.199999491373697","3","6700","KC@DET","DET","KC","","","","",""
"38759-27050","WR","Tyler","Tyler Lockett","Lockett","16.900000254313152","3","6600","SEA@ARI","SEA","ARI","","","","",""
"38759-63806","RB","Kerryon","Kerryon Johnson","Johnson","11.266666412353516","3","6500","KC@DET","DET","KC","","","","",""
"38759-53729","QB","Mason","Mason Rudolph","Rudolph","13.819999694824219","2","6500","CIN@PIT","PIT","CIN","","","","",""
"38759-71352","WR","Mecole","Mecole Hardman","Hardman","10.5","3","6500","KC@DET","KC","DET","","","","",""
"38759-27477","WR","Sterling","Sterling Shepard","Shepard","15.399999618530273","2","6500","WAS@NYG","NYG","WAS","","","","",""
"38759-40126","TE","Austin","Austin Hooper","Hooper","13.066666920979818","3","6400","TEN@ATL","ATL","TEN","","","","",""
"38759-69956","WR","Michael","Michael Gallup","Gallup","14.550000190734863","2","6400","DAL@NO","DAL","NO","O","Knee - meniscus","","",""
"38759-6714","QB","Joe","Joe Flacco","Flacco","12.506666819254557","3","6400","JAC@DEN","DEN","JAC","","","","",""
"38759-63043","WR","DJ","DJ Moore","Moore","11.800000508626303","3","6400","CAR@HOU","CAR","HOU","","","","",""
"38759-52922","RB","Leonard","Leonard Fournette","Fournette","10.766666412353516","3","6400","JAC@DEN","JAC","DEN","","","","",""
"38759-27441","RB","Damien","Damien Williams","Williams","11.300000190734863","2","6400","KC@DET","KC","DET","O","Knee","","",""
"38759-6779","RB","LeSean","LeSean McCoy","McCoy","11.699999491373697","3","6300","KC@DET","KC","DET","","","","",""
"38759-40669","WR","Tyler","Tyler Boyd","Boyd","12.433333079020182","3","6300","CIN@PIT","CIN","PIT","","","","",""
"38759-56250","WR","Terry","Terry McLaurin","McLaurin","17.233333587646484","3","6300","WAS@NYG","WAS","NYG","Q","Hamstring","","",""
"38759-28930","RB","James","James White","White","10.550000190734863","2","6200","NE@BUF","NE","BUF","","","","",""
"38759-24920","RB","Devonta","Devonta Freeman","Freeman","7.166666666666667","3","6200","TEN@ATL","ATL","TEN","","","","",""
"38759-23194","WR","Josh","Josh Gordon","Gordon","9.700000127156576","3","6200","NE@BUF","NE","BUF","","","","",""
"38759-31394","WR","Jarvis","Jarvis Landry","Landry","7.366666793823242","3","6200","CLE@BAL","CLE","BAL","","","","",""
"38759-55165","RB","Justin","Justin Jackson","Jackson","6.166666666666667","3","6200","LAC@MIA","LAC","MIA","O","Calf","","",""
"38759-40845","TE","Hunter","Hunter Henry","Henry","8","1","6200","LAC@MIA","LAC","MIA","O","Knee","","",""
"38759-62364","QB","Josh","Josh Rosen","Rosen","3.793333371480306","3","6200","LAC@MIA","MIA","LAC","","","","",""
"38759-52436","TE","Mark","Mark Andrews","Andrews","15","3","6100","CLE@BAL","BAL","CLE","Q","Foot","","",""
"38759-73048","WR","DK","DK Metcalf","Metcalf","10.733333587646484","3","6100","SEA@ARI","SEA","ARI","","","","",""
"38759-53640","RB","Sony","Sony Michel","Michel","6.933333079020183","3","6100","NE@BUF","NE","BUF","","","","",""
"38759-25079","WR","Stefon","Stefon Diggs","Diggs","5.700000127156575","3","6100","MIN@CHI","MIN","CHI","","","","",""
"38759-41475","WR","John","John Ross III","Ross III","17.233333587646484","3","6100","CIN@PIT","CIN","PIT","","","","",""
"38759-39829","WR","Mike","Mike Williams","Williams","6.566666920979817","3","6100","LAC@MIA","LAC","MIA","O","Back","","",""
"38759-72731","RB","Josh","Josh Jacobs","Jacobs","12.699999491373697","3","6000","OAK@IND","OAK","IND","","","","",""
"38759-24607","QB","Chad","Chad Kelly","Kelly","-0.10000000149011612","1","6000","OAK@IND","IND","OAK","","","","",""
"38759-14377","QB","Tyrod","Tyrod Taylor","Taylor","0","1","6000","LAC@MIA","LAC","MIA","","","","",""
"38759-30788","QB","Tyler","Tyler Bray","Bray","0","0","6000","MIN@CHI","CHI","MIN","","","","",""
"38759-52342","QB","Will","Will Grier","Grier","0","0","6000","CAR@HOU","CAR","HOU","","","","",""
"38759-63611","QB","Kyle","Kyle Shurmur","Shurmur","0","0","6000","KC@DET","KC","DET","","","","",""
"38759-57537","QB","DeShone","DeShone Kizer","Kizer","2.4600000381469727","3","6000","OAK@IND","OAK","IND","","","","",""
"38759-45259","QB","Logan","Logan Woodside","Woodside","0","0","6000","TEN@ATL","TEN","ATL","","","","",""
"38759-29915","QB","Brett","Brett Hundley","Hundley","0","0","6000","SEA@ARI","ARI","SEA","","","","",""
"38759-54507","QB","Alex","Alex McGough","McGough","0","0","6000","CAR@HOU","HOU","CAR","","","","",""
"38759-11500","QB","Colt","Colt McCoy","McCoy","10.06000010172526","3","6000","WAS@NYG","WAS","NYG","","","","",""
"38759-31047","QB","AJ","AJ McCarron","McCarron","0.05999999865889549","2","6000","CAR@HOU","HOU","CAR","","","","",""
"38759-27982","QB","Jake","Jake Rudock","Rudock","0","0","6000","LAC@MIA","MIA","LAC","","","","",""
"38759-53604","QB","Nick","Nick Fitzgerald","Fitzgerald","0","0","6000","TB@LAR","TB","LAR","","","","",""
"38759-6504","QB","Drew","Drew Brees","Brees","11.15999984741211","2","6000","DAL@NO","NO","DAL","O","Thumb","","",""
"38759-52606","QB","David","David Blough","Blough","0","0","6000","KC@DET","DET","KC","","","","",""
"38759-103824","QB","Easton","Easton Stick","Stick","0","0","6000","LAC@MIA","LAC","MIA","","","","",""
"38759-32158","QB","Garrett","Garrett Gilbert","Gilbert","1.600000023841858","1","6000","CLE@BAL","CLE","BAL","","","","",""
"38759-60840","QB","Jake","Jake Browning","Browning","0","0","6000","MIN@CHI","MIN","CHI","","","","",""
"38759-21941","QB","Robert","Robert Griffin III","Griffin III","7.099999904632568","1","6000","CLE@BAL","BAL","CLE","","","","",""
"38759-21948","QB","Ryan","Ryan Tannehill","Tannehill","-0.20000000298023224","1","6000","TEN@ATL","TEN","ATL","","","","",""
"38759-6589","QB","Ben","Ben Roethlisberger","Roethlisberger","6.869999885559082","2","6000","CIN@PIT","PIT","CIN","IR","Elbow","","",""
"38759-31170","QB","Brandon","Brandon Allen","Allen","0","0","6000","JAC@DEN","DEN","JAC","","","","",""
"38759-40407","QB","Josh","Josh Dobbs","Dobbs","0.36400001049041747","5","6000","JAC@DEN","JAC","DEN","","","","",""
"38759-73183","QB","Dwayne","Dwayne Haskins Jr.","Haskins Jr.","0","0","6000","WAS@NYG","WAS","NYG","","","","",""
"38759-7659","QB","Ryan","Ryan Fitzpatrick","Fitzpatrick","4.506666819254558","3","6000","LAC@MIA","MIA","LAC","","","","",""
"38759-45565","QB","Taysom","Taysom Hill","Hill","4.100000063578288","3","6000","DAL@NO","NO","DAL","","","","",""
"38759-34308","QB","Blake","Blake Bortles","Bortles","14.170769324669472","13","6000","TB@LAR","LAR","TB","","","","",""
"38759-22027","QB","Nick","Nick Foles","Foles","7","1","6000","JAC@DEN","JAC","DEN","IR","Collarbone","","",""
"38759-60947","QB","Jarrett","Jarrett Stidham","Stidham","-0.4399999976158142","1","6000","NE@BUF","NE","BUF","","","","",""
"38759-6679","QB","Matt","Matt Schaub","Schaub","0.30000001192092896","2","6000","TEN@ATL","ATL","TEN","","","","",""
"38759-23075","QB","Alex","Alex Tanney","Tanney","0","0","6000","WAS@NYG","NYG","WAS","","","","",""
"38759-64051","QB","Drew","Drew Lock","Lock","0","0","6000","JAC@DEN","DEN","JAC","IR","Thumb","","",""
"38759-73273","RB","David","David Montgomery","Montgomery","9.299999872843424","3","6000","MIN@CHI","CHI","MIN","","","","",""
"38759-7744","QB","Drew","Drew Stanton","Stanton","0","0","6000","CLE@BAL","CLE","BAL","IR","Knee","","",""
"38759-8803","QB","Chase","Chase Daniel","Daniel","8.050000190734863","4","6000","MIN@CHI","CHI","MIN","","","","",""
"38759-6808","QB","Matt","Matt Moore","Moore","-0.10000000149011612","1","6000","KC@DET","KC","DET","","","","",""
"38759-6826","QB","Eli","Eli Manning","Manning","13.520000457763672","2","6000","WAS@NYG","NYG","WAS","","","","",""
"38759-44715","QB","Cooper","Cooper Rush","Rush","0","0","6000","DAL@NO","DAL","NO","","","","",""
"38759-52917","WR","DJ","DJ Chark Jr.","Chark Jr.","17.733333587646484","3","6000","JAC@DEN","JAC","DEN","","","","",""
"38759-62133","QB","Chase","Chase Litton","Litton","0","0","6000","JAC@DEN","JAC","DEN","","","","",""
"38759-7872","QB","Brian","Brian Hoyer","Hoyer","-0.10399999618530273","5","6000","OAK@IND","IND","OAK","","","","",""
"38759-61157","QB","Brett","Brett Rypien","Rypien","0","0","6000","JAC@DEN","DEN","JAC","","","","",""
"38759-6914","TE","Greg","Greg Olsen","Olsen","14.033332824707031","3","6000","CAR@HOU","CAR","HOU","","","","",""
"38759-29445","QB","Sean","Sean Mannion","Mannion","-0.20000000298023224","1","6000","MIN@CHI","MIN","CHI","","","","",""
"38759-46866","QB","Ryan","Ryan Finley","Finley","0","0","6000","CIN@PIT","CIN","PIT","","","","",""
"38759-25410","QB","Mike","Mike Glennon","Glennon","5.480000019073486","2","6000","OAK@IND","OAK","IND","","","","",""
"38759-8023","QB","Josh","Josh Johnson","Johnson","13.399999618530273","4","6000","KC@DET","DET","KC","","","","",""
"38759-104281","QB","Jake","Jake Dolegala","Dolegala","0","0","6000","CIN@PIT","CIN","PIT","","","","",""
"38759-41827","QB","Phillip","Phillip Walker","Walker","0","0","6000","OAK@IND","IND","OAK","","","","",""
"38759-55148","QB","Clayton","Clayton Thorson","Thorson","0","0","6000","DAL@NO","DAL","NO","","","","",""
"38759-14194","QB","Blaine","Blaine Gabbert","Gabbert","4.630000114440918","8","6000","TB@LAR","TB","LAR","IR","Shoulder","","",""
"38759-26483","QB","Geno","Geno Smith","Smith","-0.3700000047683716","4","6000","SEA@ARI","SEA","ARI","","","","",""
"38759-39795","QB","Davis","Davis Webb","Webb","0","0","6000","NE@BUF","BUF","NE","","","","",""
"38759-56192","QB","John","John Wolford","Wolford","0","0","6000","TB@LAR","LAR","TB","","","","",""
"38759-29605","QB","Matt","Matt Barkley","Barkley","17.079999923706055","1","6000","NE@BUF","BUF","NE","","","","",""
"38759-33702","QB","Ryan","Ryan Griffin","Griffin","0","0","6000","TB@LAR","TB","LAR","","","","",""
"38759-38837","QB","Danny","Danny Etling","Etling","0","0","6000","TEN@ATL","ATL","TEN","","","","",""
"38759-56286","QB","Trace","Trace McSorley","McSorley","0","0","6000","CLE@BAL","BAL","CLE","","","","",""
"38759-42028","WR","Will","Will Fuller V","Fuller V","7.166666666666667","3","5900","CAR@HOU","HOU","CAR","","","","",""
"38759-62535","WR","Tyrell","Tyrell Williams","Williams","14.333333333333334","3","5900","OAK@IND","OAK","IND","","","","",""
"38759-25813","WR","Phillip","Phillip Dorsett II","Dorsett II","14.800000508626303","3","5900","NE@BUF","NE","BUF","","","","",""
"38759-39286","TE","O.J.","O.J. Howard","Howard","5.650000095367432","2","5900","TB@LAR","TB","LAR","","","","",""
"38759-60858","WR","Christian","Christian Kirk","Kirk","11.233333587646484","3","5900","SEA@ARI","ARI","SEA","","","","",""
"38759-57840","RB","Rashaad","Rashaad Penny","Penny","7.400000095367432","2","5900","SEA@ARI","SEA","ARI","Q","Hamstring","","",""
"38759-22103","WR","Marvin","Marvin Jones Jr.","Jones Jr.","11.300000508626303","3","5900","KC@DET","DET","KC","","","","",""
"38759-6883","WR","Larry","Larry Fitzgerald","Fitzgerald","15.433333079020182","3","5900","SEA@ARI","ARI","SEA","","","","",""
"38759-28473","RB","Carlos","Carlos Hyde","Hyde","8.633333206176758","3","5900","CAR@HOU","HOU","CAR","","","","",""
"38759-64555","WR","Calvin","Calvin Ridley","Ridley","12","3","5800","TEN@ATL","ATL","TEN","","","","",""
"38759-79974","RB","Tarik","Tarik Cohen","Cohen","5.266666730244954","3","5800","MIN@CHI","CHI","MIN","","","","",""
"38759-52613","WR","Curtis","Curtis Samuel","Samuel","10.09999974568685","3","5800","CAR@HOU","CAR","HOU","","","","",""
"38759-39818","RB","Wayne","Wayne Gallman Jr.","Gallman Jr.","4.299999872843425","3","5800","WAS@NYG","NYG","WAS","","","","",""
"38759-57403","WR","Courtland","Courtland Sutton","Sutton","10.90000025431315","3","5700","JAC@DEN","DEN","JAC","","","","",""
"38759-22018","WR","Mohamed","Mohamed Sanu","Sanu","7.5","3","5700","TEN@ATL","ATL","TEN","","","","",""
"38759-86687","WR","Marquise","Marquise Brown","Brown","15.733333587646484","3","5700","CLE@BAL","BAL","CLE","","","","",""
"38759-6840","RB","Frank","Frank Gore","Gore","11.066666920979818","3","5700","NE@BUF","BUF","NE","","","","",""
"38759-6863","TE","Delanie","Delanie Walker","Walker","11.933333079020182","3","5700","TEN@ATL","TEN","ATL","","","","",""
"38759-40857","RB","Peyton","Peyton Barber","Barber","9.133333206176758","3","5700","TB@LAR","TB","LAR","","","","",""
"38759-60735","RB","Derrius","Derrius Guice","Guice","5.300000190734863","1","5600","WAS@NYG","WAS","NYG","IR","Knee - meniscus","","",""
"38759-54606","WR","John","John Brown","Brown","13.333333333333334","3","5600","NE@BUF","BUF","NE","","","","",""
"38759-27338","RB","Rex","Rex Burkhead","Burkhead","11.566666920979818","3","5600","NE@BUF","NE","BUF","Q","Foot","","",""
"38759-56262","WR","Parris","Parris Campbell","Campbell","4.299999872843425","3","5600","OAK@IND","IND","OAK","","","","",""
"38759-11505","WR","Emmanuel","Emmanuel Sanders","Sanders","14.133333841959635","3","5500","JAC@DEN","DEN","JAC","","","","",""
"38759-32045","TE","Vance","Vance McDonald","McDonald","8.59999974568685","3","5500","CIN@PIT","PIT","CIN","D","Shoulder","","",""
"38759-32234","RB","Malcolm","Malcolm Brown","Brown","7.733333587646484","3","5500","TB@LAR","LAR","TB","","","","",""
"38759-6703","RB","Adrian","Adrian Peterson","Peterson","7.050000190734863","2","5500","WAS@NYG","WAS","NYG","","","","",""
"38759-52897","RB","Darrel","Darrel Williams","Williams","13.399999618530273","1","5500","KC@DET","KC","DET","","","","",""
"38759-55970","RB","Royce","Royce Freeman","Freeman","9.533333460489908","3","5500","JAC@DEN","DEN","JAC","","","","",""
"38759-53390","WR","Zach","Zach Pascal","Pascal","12.300000190734863","1","5400","OAK@IND","IND","OAK","","","","",""
"38759-56708","TE","Will","Will Dissly","Dissly","12.133333841959635","3","5400","SEA@ARI","SEA","ARI","","","","",""
"38759-52902","WR","Trey","Trey Quinn","Quinn","7.466666539510091","3","5400","WAS@NYG","WAS","NYG","","","","",""
"38759-27457","WR","Kenny","Kenny Stills","Stills","8.966666539510092","3","5400","CAR@HOU","HOU","CAR","","","","",""
"38759-70603","RB","Devin","Devin Singletary","Singletary","12","2","5400","NE@BUF","BUF","NE","Q","Hamstring","","",""
"38759-40167","RB","Gus","Gus Edwards","Edwards","4.833333333333333","3","5300","CLE@BAL","BAL","CLE","","","","",""
"38759-25837","RB","Duke","Duke Johnson","Johnson","5.833333333333333","3","5300","CAR@HOU","HOU","CAR","","","","",""
"38759-12548","D","Los Angeles","Los Angeles Chargers","Chargers","4.666666666666667","3","5300","LAC@MIA","LAC","MIA","","","","",""
"38759-30989","RB","Kenyan","Kenyan Drake","Drake","5.900000254313151","3","5300","LAC@MIA","MIA","LAC","","","","",""
"38759-24891","RB","Chris","Chris Thompson","Thompson","10.566666920979818","3","5300","WAS@NYG","WAS","NYG","","","","",""
"38759-60910","WR","Dede","Dede Westbrook","Westbrook","6.666666666666667","3","5300","JAC@DEN","JAC","DEN","","","","",""
"38759-7761","TE","Jared","Jared Cook","Cook","3.133333206176758","3","5300","DAL@NO","NO","DAL","","","","",""
"38759-25272","TE","Eric","Eric Ebron","Ebron","5.833333333333333","3","5300","OAK@IND","IND","OAK","","","","",""
"38759-71706","TE","T.J.","T.J. Hockenson","Hockenson","7.966666539510091","3","5200","KC@DET","DET","KC","","","","",""
"38759-24671","WR","Adam","Adam Humphries","Humphries","4.766666730244954","3","5200","TEN@ATL","TEN","ATL","","","","",""
"38759-34154","WR","J.J.","J.J. Nelson","Nelson","11.600000381469727","1","5200","OAK@IND","OAK","IND","","","","",""
"38759-45439","WR","Corey","Corey Davis","Davis","3.7333332697550454","3","5200","TEN@ATL","TEN","ATL","","","","",""
"38759-62967","WR","Preston","Preston Williams","Williams","9","3","5200","LAC@MIA","MIA","LAC","","","","",""
"38759-34331","RB","Latavius","Latavius Murray","Murray","4.899999936421712","3","5200","DAL@NO","NO","DAL","","","","",""
"38759-22288","WR","Cole","Cole Beasley","Beasley","9.200000127156576","3","5200","NE@BUF","BUF","NE","","","","",""
"38759-39859","TE","Jack","Jack Doyle","Doyle","4.066666603088379","3","5200","OAK@IND","IND","OAK","","","","",""
"38759-41936","WR","Anthony","Anthony Miller","Miller","0.9000000158945719","3","5200","MIN@CHI","CHI","MIN","","","","",""
"38759-57342","WR","Tre'Quan","Tre'Quan Smith","Smith","8","2","5200","DAL@NO","NO","DAL","O","Ankle","","",""
"38759-63591","RB","Ronald","Ronald Jones II","Jones II","7.766666412353516","3","5100","TB@LAR","TB","LAR","","","","",""
"38759-30403","WR","Chris","Chris Conley","Conley","10.666666666666666","3","5100","JAC@DEN","JAC","DEN","","","","",""
"38759-6870","TE","Vernon","Vernon Davis","Davis","7.433333079020183","3","5100","WAS@NYG","WAS","NYG","","","","",""
"38759-63360","WR","Antonio","Antonio Callaway","Callaway","6.925000190734863","16","5100","CLE@BAL","CLE","BAL","O","Suspension","","",""
"38759-14257","WR","Randall","Randall Cobb","Cobb","8.066666920979818","3","5100","DAL@NO","DAL","NO","","","","",""
"38759-57338","TE","Jordan","Jordan Akins","Akins","8.833333333333334","3","5100","CAR@HOU","HOU","CAR","","","","",""
"38759-40977","TE","Ricky","Ricky Seals-Jones","Seals-Jones","1.899999976158142","1","5000","CLE@BAL","CLE","BAL","","","","",""
"38759-55323","RB","Jaylen","Jaylen Samuels","Samuels","2.3499999046325684","2","5000","CIN@PIT","PIT","CIN","","","","",""
"38759-27771","WR","Cody","Cody Latimer","Latimer","6.699999809265137","2","5000","WAS@NYG","NYG","WAS","","","","",""
"38759-12530","D","Dallas","Dallas Cowboys","Cowboys","6.333333333333333","3","5000","DAL@NO","DAL","NO","","","","",""
"38759-63759","RB","Tony","Tony Pollard","Pollard","8.566666920979818","3","5000","DAL@NO","DAL","NO","","","","",""
"38759-44449","WR","Willie","Willie Snead IV","Snead IV","6.099999745686849","3","5000","CLE@BAL","BAL","CLE","","","","",""
"38759-55748","WR","James","James Washington","Washington","3.933333396911621","3","5000","CIN@PIT","PIT","CIN","","","","",""
"38759-66008","WR","Diontae","Diontae Johnson","Johnson","6.5","3","5000","CIN@PIT","PIT","CIN","","","","",""
"38759-6627","WR","Ted","Ted Ginn Jr.","Ginn Jr.","8.050000190734863","2","5000","DAL@NO","NO","DAL","","","","",""
"38759-33260","WR","DeVante","DeVante Parker","Parker","5.366666793823242","3","5000","LAC@MIA","MIA","LAC","","","","",""
"38759-6641","TE","Jason","Jason Witten","Witten","8.799999872843424","3","5000","DAL@NO","DAL","NO","","","","",""
"38759-7856","WR","Matthew","Matthew Slater","Slater","0","0","5000","NE@BUF","NE","BUF","","","","",""
"38759-52931","RB","Elijhaa","Elijhaa Penny","Penny","0.30000001192092896","1","5000","WAS@NYG","NYG","WAS","","","","",""
"38759-47870","TE","Tyler","Tyler Higbee","Higbee","6.550000190734863","2","5000","TB@LAR","LAR","TB","","","","",""
"38759-41741","WR","DaeSean","DaeSean Hamilton","Hamilton","2","2","5000","JAC@DEN","DEN","JAC","","","","",""
"38759-33578","RB","Jalen","Jalen Richard","Richard","2.066666603088379","3","5000","OAK@IND","OAK","IND","","","","",""
"38759-64339","WR","Auden","Auden Tate","Tate","5.449999809265137","2","5000","CIN@PIT","CIN","PIT","","","","",""
"38759-14339","RB","Dion","Dion Lewis","Lewis","2.3999999364217124","3","4900","TEN@ATL","TEN","ATL","","","","",""
"38759-62510","TE","Nick","Nick Boyle","Boyle","4.600000063578288","3","4900","CLE@BAL","BAL","CLE","","","","",""
"38759-72776","RB","Alexander","Alexander Mattison","Mattison","6.400000254313151","3","4900","MIN@CHI","MIN","CHI","","","","",""
"38759-52371","RB","Kalen","Kalen Ballage","Ballage","2.199999968210856","3","4900","LAC@MIA","MIA","LAC","","","","",""
"38759-30297","TE","Trey","Trey Burton","Burton","2.75","2","4900","MIN@CHI","CHI","MIN","Q","Groin","","",""
"38759-57986","WR","Hunter","Hunter Renfrow","Renfrow","3.866666793823242","3","4900","OAK@IND","OAK","IND","","","","",""
"38759-31561","WR","Donte","Donte Moncrief","Moncrief","1.100000023841858","2","4900","CIN@PIT","PIT","CIN","","","","",""
"38759-28502","WR","Devin","Devin Smith","Smith","9.899999618530273","2","4900","DAL@NO","DAL","NO","","","","",""
"38759-41867","RB","Jordan","Jordan Wilkins","Wilkins","4.449999809265137","2","4900","OAK@IND","IND","OAK","","","","",""
"38759-30635","RB","Mike","Mike Davis","Davis","2.300000031789144","3","4900","MIN@CHI","CHI","MIN","","","","",""
"38759-8117","WR","Danny","Danny Amendola","Amendola","8.533333460489908","3","4900","KC@DET","DET","KC","Q","Chest","","",""
"38759-79987","WR","David","David Moore","Moore","3.4000000953674316","1","4800","SEA@ARI","SEA","ARI","","","","",""
"38759-63625","RB","Nyheim","Nyheim Hines","Hines","3.3333333333333335","3","4800","OAK@IND","IND","OAK","","","","",""
"38759-12541","D","New England","New England Patriots","Patriots","20.333333333333332","3","4800","NE@BUF","NE","BUF","","","","",""
"38759-14645","WR","Dontrelle","Dontrelle Inman","Inman","2.366666634877523","3","4800","LAC@MIA","LAC","MIA","","","","",""
"38759-63819","WR","Darius","Darius Slayton","Slayton","9.699999809265137","1","4800","WAS@NYG","NYG","WAS","","","","",""
"38759-55689","RB","Ito","Ito Smith","Smith","3.3333333333333335","3","4800","TEN@ATL","ATL","TEN","","","","",""
"38759-47523","WR","Tajae","Tajae Sharpe","Sharpe","3.7999998728434243","3","4800","TEN@ATL","TEN","ATL","","","","",""
"38759-54753","WR","Taylor","Taylor Gabriel","Gabriel","11.866666158040365","3","4800","MIN@CHI","CHI","MIN","O","Concussion","","",""
"38759-52808","RB","Dontrell","Dontrell Hilliard","Hilliard","8.300000190734863","1","4800","CLE@BAL","CLE","BAL","","","","",""
"38759-33472","RB","C.J.","C.J. Prosise","Prosise","5.150000095367432","2","4800","SEA@ARI","SEA","ARI","","","","",""
"38759-25290","RB","Giovani","Giovani Bernard","Bernard","3.7666667302449546","3","4800","CIN@PIT","CIN","PIT","","","","",""
"38759-43912","WR","Chad","Chad Beebe","Beebe","2.6666666666666665","3","4800","MIN@CHI","MIN","CHI","IR","Ankle","","",""
"38759-55366","RB","Qadree","Qadree Ollison","Ollison","0","0","4700","TEN@ATL","ATL","TEN","","","","",""
"38759-64585","TE","Dawson","Dawson Knox","Knox","6","3","4700","NE@BUF","BUF","NE","","","","",""
"38759-83081","RB","Chase","Chase Edmonds","Edmonds","2.066666603088379","3","4700","SEA@ARI","ARI","SEA","","","","",""
"38759-72846","WR","A.J.","A.J. Brown","Brown","5.466666539510091","3","4700","TEN@ATL","TEN","ATL","","","","",""
"38759-57543","RB","D'Ernest","D'Ernest Johnson","Johnson","5.550000190734863","2","4700","CLE@BAL","CLE","BAL","","","","",""
"38759-12527","D","Chicago","Chicago Bears","Bears","11.666666666666666","3","4700","MIN@CHI","CHI","MIN","","","","",""
"38759-12554","D","Jacksonville","Jacksonville Jaguars","Jaguars","6.333333333333333","3","4700","JAC@DEN","JAC","DEN","","","","",""
"38759-33047","WR","Chris","Chris Moore","Moore","2.453333282470703","15","4700","CLE@BAL","BAL","CLE","","","","",""
"38759-41305","WR","Zay","Zay Jones","Jones","3","3","4700","NE@BUF","BUF","NE","","","","",""
"38759-38301","TE","Darren","Darren Fells","Fells","4.933333396911621","3","4700","CAR@HOU","HOU","CAR","","","","",""
"38759-28157","WR","Bennie","Bennie Fowler III","Fowler III","5.700000127156575","3","4700","WAS@NYG","NYG","WAS","","","","",""
"38759-70157","RB","Darrell","Darrell Henderson Jr.","Henderson Jr.","0","1","4700","TB@LAR","LAR","TB","","","","",""
"38759-70372","WR","Chester","Chester Rogers","Rogers","1.9500000476837158","2","4700","OAK@IND","IND","OAK","","","","",""
"38759-33552","WR","TJ","TJ Jones","Jones","5.650000095367432","2","4700","WAS@NYG","NYG","WAS","","","","",""
"38759-30678","WR","Damiere","Damiere Byrd","Byrd","5.200000127156575","3","4700","SEA@ARI","ARI","SEA","O","Hamstring","","",""
"38759-26610","WR","Paul","Paul Richardson Jr.","Richardson Jr.","11","3","4700","WAS@NYG","WAS","NYG","","","","",""
"38759-72725","TE","Irv","Irv Smith Jr.","Smith Jr.","3.950000047683716","2","4600","MIN@CHI","MIN","CHI","","","","",""
"38759-71705","TE","Noah","Noah Fant","Fant","3.9666665395100913","3","4600","JAC@DEN","DEN","JAC","","","","",""
"38759-62508","TE","James","James O'Shaughnessy","O'Shaughnessy","6.266666412353516","3","4600","JAC@DEN","JAC","DEN","","","","",""
"38759-48344","WR","Albert","Albert Wilson","Wilson","2.4000000953674316","1","4600","LAC@MIA","MIA","LAC","Q","Calf","","",""
"38759-43334","RB","J.D.","J.D. McKissic","McKissic","2.6666666666666665","3","4600","KC@DET","DET","KC","","","","",""
"38759-31061","RB","T.J.","T.J. Yeldon","Yeldon","3.9000000953674316","1","4600","NE@BUF","BUF","NE","","","","",""
"38759-34295","WR","Breshad","Breshad Perriman","Perriman","1.4666666984558105","3","4600","TB@LAR","TB","LAR","","","","",""
"38759-33557","TE","Tyler","Tyler Eifert","Eifert","5.299999872843425","3","4600","CIN@PIT","CIN","PIT","","","","",""
"38759-55088","WR","Malik","Malik Turner","Turner","4.900000095367432","2","4600","SEA@ARI","SEA","ARI","","","","",""
"38759-57208","WR","KeeSean","KeeSean Johnson","Johnson","5.166666666666667","3","4600","SEA@ARI","ARI","SEA","","","","",""
"38759-14237","TE","Kyle","Kyle Rudolph","Rudolph","1.3333333333333333","3","4600","MIN@CHI","MIN","CHI","","","","",""
"38759-45997","WR","Keith","Keith Kirkwood","Kirkwood","5.628571646554129","7","4600","DAL@NO","NO","DAL","IR","Hamstring","","",""
"38759-56265","TE","Mike","Mike Gesicki","Gesicki","2.7000001271565757","3","4600","LAC@MIA","MIA","LAC","","","","",""
"38759-54280","WR","Duke","Duke Williams","Williams","0","0","4500","NE@BUF","BUF","NE","","","","",""
"38759-92168","WR","Damion","Damion Willis","Willis","2.799999952316284","2","4500","CIN@PIT","CIN","PIT","","","","",""
"38759-24589","WR","Jaron","Jaron Brown","Brown","4.5","1","4500","SEA@ARI","SEA","ARI","","","","",""
"38759-30733","WR","Cordarrelle","Cordarrelle Patterson","Patterson","2.7000001271565757","3","4500","MIN@CHI","CHI","MIN","","","","",""
"38759-61468","WR","Juwan","Juwan Foggie","Foggie","0","0","4500","NE@BUF","BUF","NE","","","","",""
"38759-56356","WR","Isaiah","Isaiah Ford","Ford","0","1","4500","LAC@MIA","MIA","LAC","","","","",""
"38759-64576","RB","Damien","Damien Harris","Harris","0","0","4500","NE@BUF","NE","BUF","","","","",""
"38759-44103","RB","Elijah","Elijah McGuire","McGuire","9.550000190734863","8","4500","CLE@BAL","CLE","BAL","","","","",""
"38759-41042","WR","Marcell","Marcell Ateman","Ateman","4.816666603088379","6","4500","OAK@IND","OAK","IND","","","","",""
"38759-79967","TE","Adam","Adam Shaheen","Shaheen","2.066666603088379","3","4500","MIN@CHI","CHI","MIN","","","","",""
"38759-79972","WR","Chad","Chad Williams","Williams","3.25","10","4500","OAK@IND","IND","OAK","","","","",""
"38759-79982","RB","Alex","Alex Armah","Armah","3.5999999046325684","2","4500","CAR@HOU","CAR","HOU","","","","",""
"38759-61555","WR","David","David Sills V","Sills V","0","0","4500","WAS@NYG","NYG","WAS","","","","",""
"38759-55414","WR","Cody","Cody Thompson","Thompson","0","0","4500","KC@DET","KC","DET","","","","",""
"38759-52345","WR","Brandon","Brandon Powell","Powell","3.133333206176758","6","4500","TEN@ATL","ATL","TEN","","","","",""
"38759-42107","WR","Robert","Robert Foster","Foster","0","2","4500","NE@BUF","BUF","NE","Q","Groin","","",""
"38759-79998","WR","Keelan","Keelan Cole","Cole","5.392307574932392","13","4500","JAC@DEN","JAC","DEN","","","","",""
"38759-104577","WR","Gunner","Gunner Olszewski","Olszewski","-0.6666666666666666","3","4500","NE@BUF","NE","BUF","Q","Hamstring","","",""
"38759-61570","RB","Chandler","Chandler Cox","Cox","0","0","4500","LAC@MIA","MIA","LAC","","","","",""
"38759-83083","WR","Justin","Justin Watson","Watson","0.3333333333333333","3","4500","TB@LAR","TB","LAR","","","","",""
"38759-63634","WR","Jakobi","Jakobi Meyers","Meyers","3.75","2","4500","NE@BUF","NE","BUF","","","","",""
"38759-28827","RB","Dare","Dare Ogunbowale","Ogunbowale","3.5","3","4500","TB@LAR","TB","LAR","","","","",""
"38759-84122","RB","Detrez","Detrez Newsome","Newsome","2.6000000635782876","3","4500","LAC@MIA","LAC","MIA","","","","",""
"38759-25760","WR","Allen","Allen Hurns","Hurns","1.8666666348775227","3","4500","LAC@MIA","MIA","LAC","O","Concussion","","",""
"38759-62628","WR","DeAndre","DeAndre Carter","Carter","0.13333333532015482","3","4500","CAR@HOU","HOU","CAR","","","","",""
"38759-52391","WR","Jalen","Jalen Harvey","Harvey","0","0","4500","SEA@ARI","SEA","ARI","","","","",""
"38759-84137","WR","Deontez","Deontez Alexander","Alexander","0","0","4500","KC@DET","DET","KC","","","","",""
"38759-29866","RB","Paul","Paul Perkins","Perkins","0","0","4500","KC@DET","DET","KC","","","","",""
"38759-45229","RB","Kareem","Kareem Hunt","Hunt","19.745454268022016","11","4500","CLE@BAL","CLE","BAL","O","Suspension","","",""
"38759-9392","WR","Michael","Michael Crabtree","Crabtree","2.0999999046325684","2","4500","SEA@ARI","ARI","SEA","","","","",""
"38759-40118","WR","Steven","Steven Mitchell Jr.","Mitchell Jr.","0","0","4500","CAR@HOU","HOU","CAR","","","","",""
"38759-52409","RB","Jakob","Jakob Johnson","Johnson","0","0","4500","NE@BUF","NE","BUF","","","","",""
"38759-61631","WR","Olabisi","Olabisi Johnson","Johnson","0","0","4500","MIN@CHI","MIN","CHI","","","","",""
"38759-68800","WR","Jaleel","Jaleel Scott","Scott","0","0","4500","CLE@BAL","BAL","CLE","","","","",""
"38759-41155","RB","Taquan","Taquan Mizzell Sr.","Mizzell Sr.","2.424999952316284","8","4500","DAL@NO","NO","DAL","","","","",""
"38759-83140","RB","Christopher","Christopher Ezeala","Ezeala","0","0","4500","CLE@BAL","BAL","CLE","","","","",""
"38759-54472","WR","Cam","Cam Sims","Sims","0","0","4500","WAS@NYG","WAS","NYG","","","","",""
"38759-70868","RB","Damarea","Damarea Crockett","Crockett","0","0","4500","OAK@IND","OAK","IND","","","","",""
"38759-28890","RB","Derek","Derek Watt","Watt","0.36666667461395264","3","4500","LAC@MIA","LAC","MIA","","","","",""
"38759-55514","RB","Buddy","Buddy Howell","Howell","0","1","4500","CAR@HOU","HOU","CAR","","","","",""
"38759-11485","WR","Golden","Golden Tate","Tate","9.726666259765626","15","4500","WAS@NYG","NYG","WAS","O","Suspension","","",""
"38759-52451","RB","Samaje","Samaje Perine","Perine","1.2999999523162842","4","4500","CIN@PIT","CIN","PIT","","","","",""
"38759-28900","RB","Melvin","Melvin Gordon III","Gordon III","20.875","12","4500","LAC@MIA","LAC","MIA","","","","",""
"38759-40164","WR","Shelton","Shelton Gibson","Gibson","1.3250000476837158","4","4500","CLE@BAL","CLE","BAL","","","","",""
"38759-93413","WR","Terry","Terry Wright","Wright","0","0","4500","SEA@ARI","SEA","ARI","","","","",""
"38759-63717","RB","Alec","Alec Ingold","Ingold","0","0","4500","OAK@IND","OAK","IND","","","","",""
"38759-69860","RB","Trayveon","Trayveon Williams","Williams","0","0","4500","CIN@PIT","CIN","PIT","","","","",""
"38759-70889","RB","Benny","Benny Snell Jr.","Snell Jr.","1.4500000476837158","2","4500","CIN@PIT","PIT","CIN","","","","",""
"38759-28907","WR","Alex","Alex Erickson","Erickson","2.1666666666666665","3","4500","CIN@PIT","CIN","PIT","","","","",""
"38759-11504","WR","Andre","Andre Roberts","Roberts","0","1","4500","NE@BUF","BUF","NE","","","","",""
"38759-45299","RB","David","David Fluellen","Fluellen","0.800000011920929","2","4500","TEN@ATL","TEN","ATL","","","","",""
"38759-48371","WR","Robert","Robert Davis","Davis","0","0","4500","WAS@NYG","WAS","NYG","","","","",""
"38759-94453","RB","Darwin","Darwin Thompson","Thompson","0.5666666825612386","3","4500","KC@DET","KC","DET","","","","",""
"38759-44280","WR","JoJo","JoJo Natson","Natson","0","3","4500","TB@LAR","LAR","TB","","","","",""
"38759-56580","WR","Christian","Christian Blake","Blake","0","0","4500","TEN@ATL","ATL","TEN","","","","",""
"38759-41221","WR","Andre","Andre Patton","Patton","0","0","4500","LAC@MIA","LAC","MIA","","","","",""
"38759-64786","RB","Ryquell","Ryquell Armstead","Armstead","0.699999988079071","1","4500","JAC@DEN","JAC","DEN","","","","",""
"38759-83221","RB","De'Lance","De'Lance Turner","Turner","1.5499999523162842","2","4500","CLE@BAL","BAL","CLE","","","","",""
"38759-60705","WR","Tyron","Tyron Johnson","Johnson","0","0","4500","CAR@HOU","HOU","CAR","","","","",""
"38759-31015","WR","DeAndrew","DeAndrew White","White","0","0","4500","CAR@HOU","CAR","HOU","","","","",""
"38759-56623","WR","Papi","Papi White","White","0","0","4500","TEN@ATL","TEN","ATL","","","","",""
"38759-57651","WR","Travis","Travis Fulgham","Fulgham","0","0","4500","KC@DET","DET","KC","","","","",""
"38759-55609","TE","Ryan","Ryan Izzo","Izzo","2.700000047683716","2","4500","NE@BUF","NE","BUF","","","","",""
"38759-64827","WR","Miles","Miles Boykin","Boykin","2.866666793823242","3","4500","CLE@BAL","BAL","CLE","","","","",""
"38759-85306","WR","KhaDarel","KhaDarel Hodge","Hodge","0.9000000158945719","3","4500","CLE@BAL","CLE","BAL","","","","",""
"38759-60736","WR","Jazz","Jazz Ferguson","Ferguson","0","0","4500","SEA@ARI","SEA","ARI","","","","",""
"38759-62791","RB","Mark","Mark Walton","Walton","1.649999976158142","2","4500","LAC@MIA","MIA","LAC","","","","",""
"38759-56649","WR","Sean","Sean Modster","Modster","0","0","4500","CLE@BAL","BAL","CLE","","","","",""
"38759-34125","WR","Geremy","Geremy Davis","Davis","0","1","4500","LAC@MIA","LAC","MIA","","","","",""
"38759-40298","WR","Derrick","Derrick Willies","Willies","7.599999904632568","1","4500","CLE@BAL","CLE","BAL","","","","",""
"38759-14704","WR","Chris","Chris Hogan","Hogan","0.9333333174387614","3","4500","CAR@HOU","CAR","HOU","","","","",""
"38759-33137","WR","Justin","Justin Hardy","Hardy","2.3999999364217124","3","4500","TEN@ATL","ATL","TEN","","","","",""
"38759-22898","RB","Brandon","Brandon Bolden","Bolden","1.7999999523162842","2","4500","NE@BUF","NE","BUF","","","","",""
"38759-71031","WR","Lil'Jordan","Lil'Jordan Humphrey","Humphrey","0","0","4500","DAL@NO","NO","DAL","","","","",""
"38759-63869","WR","Parker","Parker Baldwin","Baldwin","0","0","4500","TEN@ATL","ATL","TEN","","","","",""
"38759-71039","WR","Kelvin","Kelvin Harmon","Harmon","4.099999904632568","1","4500","WAS@NYG","WAS","NYG","","","","",""
"38759-53639","WR","Isaiah","Isaiah McKenzie","McKenzie","6.900000095367432","2","4500","NE@BUF","BUF","NE","Q","Ankle","","",""
"38759-55694","WR","Mike","Mike Thomas","Thomas","0","0","4500","TB@LAR","LAR","TB","","","","",""
"38759-80281","WR","C.J.","C.J. Board","Board","0","0","4500","JAC@DEN","JAC","DEN","","","","",""
"38759-41370","WR","Trevor","Trevor Davis","Davis","1.649999976158142","2","4500","OAK@IND","OAK","IND","","","","",""
"38759-41371","RB","Khalfani","Khalfani Muhammad","Muhammad","0","0","4500","JAC@DEN","DEN","JAC","","","","",""
"38759-55712","WR","Jonathan","Jonathan Duhart","Duhart","0","0","4500","KC@DET","DET","KC","","","","",""
"38759-28065","WR","Jehu","Jehu Chesson","Chesson","0.20000000298023224","4","4500","WAS@NYG","WAS","NYG","","","","",""
"38759-32185","RB","Zach","Zach Line","Line","0","2","4500","DAL@NO","NO","DAL","","","","",""
"38759-60861","WR","Damion","Damion Ratley","Ratley","4.266666730244954","3","4500","CLE@BAL","CLE","BAL","","","","",""
"38759-72133","WR","Antoine","Antoine Wesley","Wesley","0","0","4500","CLE@BAL","BAL","CLE","","","","",""
"38759-55750","WR","Chris","Chris Lacy","Lacy","0","1","4500","KC@DET","DET","KC","","","","",""
"38759-31184","RB","Jonathan","Jonathan Williams","Williams","0.20000000794728598","3","4500","OAK@IND","IND","OAK","","","","",""
"38759-54741","WR","Seth","Seth Roberts","Roberts","3.0999999046325684","2","4500","CLE@BAL","BAL","CLE","","","","",""
"38759-103896","WR","Nsimba","Nsimba Webster","Webster","0","0","4500","TB@LAR","LAR","TB","","","","",""
"38759-103901","WR","Davion","Davion Davis","Davis","0","0","4500","MIN@CHI","MIN","CHI","","","","",""
"38759-103900","TE","Brandon","Brandon Dillon","Dillon","0","0","4500","MIN@CHI","MIN","CHI","","","","",""
"38759-14820","RB","Nick","Nick Bellore","Bellore","0.875","4","4500","SEA@ARI","SEA","ARI","","","","",""
"38759-54782","TE","Cameron","Cameron Brate","Brate","1.8333333333333333","3","4500","TB@LAR","TB","LAR","","","","",""
"38759-29183","RB","D.J.","D.J. Foster","Foster","0","0","4500","SEA@ARI","ARI","SEA","","","","",""
"38759-60930","RB","Myles","Myles Gaskin","Gaskin","0","0","4500","LAC@MIA","MIA","LAC","","","","",""
"38759-23046","RB","Jamize","Jamize Olawale","Olawale","0","1","4500","DAL@NO","DAL","NO","","","","",""
"38759-62994","WR","Steven","Steven Sims Jr.","Sims Jr.","1.933333396911621","3","4500","WAS@NYG","WAS","NYG","","","","",""
"38759-22035","WR","Travis","Travis Benjamin","Benjamin","1.2333333492279053","3","4500","LAC@MIA","LAC","MIA","D","Hip","","",""
"38759-54817","WR","Diontae","Diontae Spencer","Spencer","0","2","4500","JAC@DEN","DEN","JAC","","","","",""
"38759-22054","WR","Jarius","Jarius Wright","Wright","3.066666603088379","3","4500","CAR@HOU","CAR","HOU","","","","",""
"38759-57900","RB","Quinton","Quinton Flowers","Flowers","0","0","4500","OAK@IND","IND","OAK","","","","",""
"38759-63033","RB","Marcus","Marcus Marshall","Marshall","0","0","4500","KC@DET","KC","DET","","","","",""
"38759-103992","WR","Emmanuel","Emmanuel Butler","Butler","0","0","4500","DAL@NO","NO","DAL","","","","",""
"38759-103996","WR","Reggie","Reggie White Jr.","White Jr.","0","0","4500","WAS@NYG","NYG","WAS","","","","",""
"38759-103998","WR","Thomas","Thomas Ives","Ives","0","0","4500","MIN@CHI","CHI","MIN","","","","",""
"38759-64065","WR","Emanuel","Emanuel Hall","Hall","0","0","4500","TB@LAR","TB","LAR","","","","",""
"38759-69184","WR","Dillon","Dillon Mitchell","Mitchell","0","0","4500","MIN@CHI","MIN","CHI","","","","",""
"38759-12872","RB","James","James Develin","Develin","0.30000001192092896","1","4500","NE@BUF","NE","BUF","IR","Neck","","",""
"38759-104008","TE","Stephen","Stephen Carlson","Carlson","0","0","4500","CLE@BAL","CLE","BAL","","","","",""
"38759-63050","RB","Ty","Ty Johnson","Johnson","2.066666603088379","3","4500","KC@DET","DET","KC","","","","",""
"38759-104012","WR","Ashton","Ashton Dulin","Dulin","0","0","4500","OAK@IND","IND","OAK","","","","",""
"38759-63061","WR","Gary","Gary Jennings","Jennings","0","0","4500","SEA@ARI","SEA","ARI","","","","",""
"38759-30298","TE","Jordan","Jordan Reed","Reed","7.138461773212139","13","4500","WAS@NYG","WAS","NYG","O","Concussion","","",""
"38759-62042","WR","Deon","Deon Cain","Cain","2","3","4500","OAK@IND","IND","OAK","","","","",""
"38759-27229","RB","Ameer","Ameer Abdullah","Abdullah","0.3333333333333333","3","4500","MIN@CHI","MIN","CHI","","","","",""
"38759-22113","RB","Alfred","Alfred Morris","Morris","5.827272588556463","11","4500","DAL@NO","DAL","NO","","","","",""
"38759-31329","WR","Russell","Russell Shepard","Shepard","2","2","4500","WAS@NYG","NYG","WAS","IR","Foot","","",""
"38759-54885","WR","Artavis","Artavis Scott","Scott","0","0","4500","LAC@MIA","LAC","MIA","","","","",""
"38759-62055","WR","Ray-Ray","Ray-Ray McCloud","McCloud","0","3","4500","CAR@HOU","CAR","HOU","","","","",""
"38759-38509","RB","Wendell","Wendell Smallwood","Smallwood","2.299999952316284","1","4500","WAS@NYG","WAS","NYG","","","","",""
"38759-56946","WR","Ventell","Ventell Bryant","Bryant","0","0","4500","DAL@NO","DAL","NO","","","","",""
"38759-33403","WR","Tevin","Tevin Jones","Jones","0","0","4500","CIN@PIT","PIT","CIN","","","","",""
"38759-38523","TE","Geoff","Geoff Swaim","Swaim","2.633333365122477","3","4500","JAC@DEN","JAC","DEN","Q","Illness","","",""
"38759-61060","RB","Devine","Devine Ozigbo","Ozigbo","0","0","4500","JAC@DEN","JAC","DEN","","","","",""
"38759-55941","RB","Patrick","Patrick Laird","Laird","0","0","4500","LAC@MIA","MIA","LAC","","","","",""
"38759-27273","RB","Andy","Andy Janovich","Janovich","2.4111111958821616","9","4500","JAC@DEN","DEN","JAC","Q","Pectoral","","",""
"38759-61072","WR","Stanley","Stanley Morgan","Morgan","0","0","4500","CIN@PIT","CIN","PIT","","","","",""
"38759-53913","WR","Cody","Cody Hollister","Hollister","0","0","4500","TEN@ATL","TEN","ATL","","","","",""
"38759-39580","RB","Devontae","Devontae Booker","Booker","4.300000190734863","16","4500","JAC@DEN","DEN","JAC","","","","",""
"38759-55964","RB","Tony","Tony Brooks-James","Brooks-James","0","0","4500","TB@LAR","TB","LAR","","","","",""
"38759-40612","WR","Bobo","Bobo Wilson","Wilson","0","3","4500","TB@LAR","TB","LAR","","","","",""
"38759-47780","WR","Taywan","Taywan Taylor","Taylor","0","1","4500","CLE@BAL","CLE","BAL","","","","",""
"38759-29351","WR","De'Anthony","De'Anthony Thomas","Thomas","0.550000011920929","2","4500","KC@DET","KC","DET","","","","",""
"38759-29357","RB","Kenjon","Kenjon Barner","Barner","0.29999999205271405","3","4500","TEN@ATL","ATL","TEN","O","Concussion","","",""
"38759-31406","RB","Alfred","Alfred Blue","Blue","5.456250190734863","16","4500","JAC@DEN","JAC","DEN","IR","Ankle","","",""
"38759-69295","WR","Byron","Byron Pringle","Pringle","1.2000000476837158","1","4500","KC@DET","KC","DET","","","","",""
"38759-64175","WR","Hakeem","Hakeem Butler","Butler","0","0","4500","SEA@ARI","ARI","SEA","IR","Hand","","",""
"38759-96942","WR","Keelan","Keelan Doss","Doss","0","0","4500","OAK@IND","OAK","IND","","","","",""
"38759-69299","RB","Mark","Mark Thompson","Thompson","0","0","4500","CLE@BAL","BAL","CLE","","","","",""
"38759-52916","WR","Russell","Russell Gage","Gage","0.8500000238418579","2","4500","TEN@ATL","ATL","TEN","","","","",""
"38759-58041","RB","Mike","Mike Boone","Boone","2.799999952316284","1","4500","MIN@CHI","MIN","CHI","","","","",""
"38759-71355","RB","Elijah","Elijah Holyfield","Holyfield","0","0","4500","CAR@HOU","CAR","HOU","","","","",""
"38759-71359","WR","Javon","Javon Wims","Wims","0.6499999761581421","2","4500","MIN@CHI","CHI","MIN","","","","",""
"38759-69325","WR","Riley","Riley Ridley","Ridley","0","0","4500","MIN@CHI","CHI","MIN","","","","",""
"38759-53967","RB","Nick","Nick Bawden","Bawden","1","2","4500","KC@DET","DET","KC","","","","",""
"38759-64215","RB","Karan","Karan Higdon Jr.","Higdon Jr.","0","0","4500","CAR@HOU","HOU","CAR","","","","",""
"38759-45791","WR","Rashard","Rashard Higgins","Higgins","5.599999904632568","1","4500","CLE@BAL","CLE","BAL","Q","Knee","","",""
"38759-38624","RB","T.J.","T.J. Logan","Logan","0","1","4500","TB@LAR","TB","LAR","","","","",""
"38759-57064","RB","Ryan","Ryan Nall","Nall","0","0","4500","MIN@CHI","CHI","MIN","","","","",""
"38759-56041","RB","Khari","Khari Blasingame","Blasingame","0","0","4500","MIN@CHI","MIN","CHI","","","","",""
"38759-38634","WR","Ryan","Ryan Switzer","Switzer","2.133333365122477","3","4500","CIN@PIT","PIT","CIN","","","","",""
"38759-104176","WR","Deonte","Deonte Harris","Harris","1.2666666507720947","3","4500","DAL@NO","NO","DAL","","","","",""
"38759-64242","WR","Keke","Keke Coutee","Coutee","1.7000000476837158","1","4500","CAR@HOU","HOU","CAR","","","","",""
"38759-54007","TE","Jacob","Jacob Hollister","Hollister","3.5999999046325684","2","4500","SEA@ARI","SEA","ARI","","","","",""
"38759-54010","RB","Brian","Brian Hill","Hill","3.0200000762939454","5","4500","TEN@ATL","ATL","TEN","","","","",""
"38759-56059","WR","Trent","Trent Sherfield","Sherfield","0","1","4500","SEA@ARI","ARI","SEA","","","","",""
"38759-57091","WR","Tim","Tim Patrick","Patrick","4.8700000762939455","10","4500","JAC@DEN","DEN","JAC","IR","Hand","","",""
"38759-26384","RB","Trey","Trey Edmunds","Edmunds","0","0","4500","CIN@PIT","PIT","CIN","","","","",""
"38759-71444","RB","Travis","Travis Homer","Homer","0","0","4500","SEA@ARI","SEA","ARI","","","","",""
"38759-70422","WR","Kalif","Kalif Raymond","Raymond","0","0","4500","TEN@ATL","TEN","ATL","","","","",""
"38759-56099","RB","Cullen","Cullen Gillaspia","Gillaspia","0","0","4500","CAR@HOU","HOU","CAR","","","","",""
"38759-31524","WR","Cody","Cody Core","Core","4.300000190734863","1","4500","WAS@NYG","NYG","WAS","","","","",""
"38759-82731","WR","Brandon","Brandon Zylstra","Zylstra","0.5599999904632569","5","4500","CAR@HOU","CAR","HOU","","","","",""
"38759-28463","WR","Austin","Austin Carr","Carr","2.9111111958821616","9","4500","DAL@NO","NO","DAL","","","","",""
"38759-65331","RB","Sutton","Sutton Smith","Smith","0","0","4500","CIN@PIT","PIT","CIN","","","","",""
"38759-62271","WR","Logan","Logan Tago","Tago","0","0","4500","SEA@ARI","SEA","ARI","","","","",""
"38759-28487","TE","Jeff","Jeff Heuerman","Heuerman","3.549999952316284","2","4500","JAC@DEN","DEN","JAC","","","","",""
"38759-56142","WR","Juwann","Juwann Winfree","Winfree","0","0","4500","JAC@DEN","DEN","JAC","","","","",""
"38759-61273","WR","Scotty","Scotty Miller","Miller","0","0","4500","TB@LAR","TB","LAR","","","","",""
"38759-26458","WR","Tavon","Tavon Austin","Austin","1.2999999523162842","1","4500","DAL@NO","DAL","NO","","","","",""
"38759-56155","RB","Jordan","Jordan Ellis","Ellis","0","0","4500","CIN@PIT","CIN","PIT","","","","",""
"38759-104282","RB","Wes","Wes Hills","Hills","0","0","4500","SEA@ARI","ARI","SEA","","","","",""
"38759-44893","RB","Roosevelt","Roosevelt Nix","Nix","0.8857142584664481","7","4500","CIN@PIT","PIT","CIN","O","Knee","","",""
"38759-104284","RB","Bruce","Bruce Anderson III","Anderson III","0","0","4500","OAK@IND","IND","OAK","","","","",""
"38759-71521","RB","Justice","Justice Hill","Hill","1.566666603088379","3","4500","CLE@BAL","BAL","CLE","","","","",""
"38759-63330","RB","Mike","Mike Weber","Weber","0","0","4500","DAL@NO","DAL","NO","","","","",""
"38759-70501","RB","C.J.","C.J. Ham","Ham","0.16666666666666666","3","4500","MIN@CHI","MIN","CHI","","","","",""
"38759-32613","RB","DeAndre","DeAndre Washington","Washington","2.5","3","4500","OAK@IND","OAK","IND","","","","",""
"38759-64357","WR","Michael","Michael Walker","Walker","0","0","4500","JAC@DEN","JAC","DEN","","","","",""
"38759-104297","WR","Jason","Jason Moore","Moore","0","0","4500","LAC@MIA","LAC","MIA","","","","",""
"38759-53097","WR","Josh","Josh Reynolds","Reynolds","0","3","4500","TB@LAR","LAR","TB","","","","",""
"38759-31602","WR","Fred","Fred Brown","Brown","0","0","4500","JAC@DEN","DEN","JAC","","","","",""
"38759-41857","RB","Dalyn","Dalyn Dawkins","Dawkins","0","0","4500","TEN@ATL","TEN","ATL","","","","",""
"38759-27527","TE","Blake","Blake Jarwin","Jarwin","4.966666539510091","3","4500","DAL@NO","DAL","NO","","","","",""
"38759-56203","RB","Jon","Jon Hilliman","Hilliman","0","0","4500","WAS@NYG","NYG","WAS","","","","",""
"38759-19342","TE","Demetrius","Demetrius Harris","Harris","2.5333333015441895","3","4500","CLE@BAL","CLE","BAL","","","","",""
"38759-63383","RB","Jordan","Jordan Scarlett","Scarlett","0","0","4500","CAR@HOU","CAR","HOU","","","","",""
"38759-29593","WR","Marqise","Marqise Lee","Lee","0","0","4500","JAC@DEN","JAC","DEN","","","","",""
"38759-28570","TE","Nick","Nick Vannett","Vannett","1.933333396911621","3","4500","CIN@PIT","PIT","CIN","","","","",""
"38759-63387","WR","Jayson","Jayson Stanley","Stanley","0","0","4500","TEN@ATL","ATL","TEN","","","","",""
"38759-33703","WR","Ryan","Ryan Grant","Grant","1.7000000476837158","2","4500","OAK@IND","OAK","IND","","","","",""
"38759-25513","WR","Darius","Darius Jennings","Jennings","0.5333333412806193","3","4500","TEN@ATL","TEN","ATL","","","","",""
"38759-34729","RB","Dwayne","Dwayne Washington","Washington","3.8499999046325684","4","4500","DAL@NO","NO","DAL","","","","",""
"38759-55224","RB","Reggie","Reggie Bonnafon","Bonnafon","0.5","1","4500","CAR@HOU","CAR","HOU","","","","",""
"38759-43961","RB","Tyler","Tyler Ervin","Ervin","0","2","4500","JAC@DEN","JAC","DEN","","","","",""
"38759-103352","RB","Christian","Christian Wade","Wade","0","0","4500","NE@BUF","BUF","NE","","","","",""
"38759-63419","WR","Andy","Andy Isabella","Isabella","0","2","4500","SEA@ARI","ARI","SEA","","","","",""
"38759-32703","WR","Jakeem","Jakeem Grant","Grant","2.199999968210856","3","4500","LAC@MIA","MIA","LAC","","","","",""
"38759-41922","WR","Johnny","Johnny Holton","Holton","0.29999999205271405","3","4500","CIN@PIT","PIT","CIN","","","","",""
"38759-61379","RB","Kerrith","Kerrith Whyte Jr.","Whyte Jr.","0","0","4500","MIN@CHI","CHI","MIN","","","","",""
"38759-104388","WR","Tom","Tom Kennedy","Kennedy","0","0","4500","KC@DET","DET","KC","","","","",""
"38759-69581","WR","Cedrick","Cedrick Wilson","Wilson","0","2","4500","DAL@NO","DAL","NO","","","","",""
"38759-57299","TE","Gerald","Gerald Everett","Everett","2.433333396911621","3","4500","TB@LAR","LAR","TB","","","","",""
"38759-40932","WR","Pharoh","Pharoh Cooper","Cooper","0","7","4500","CIN@PIT","CIN","PIT","","","","",""
"38759-72676","RB","Troymaine","Troymaine Pope","Pope","0","0","4500","LAC@MIA","LAC","MIA","","","","",""
"38759-104424","RB","Craig","Craig Reynolds","Reynolds","0","0","4500","WAS@NYG","WAS","NYG","","","","",""
"38759-65518","WR","John","John Ursua","Ursua","0","0","4500","SEA@ARI","SEA","ARI","","","","",""
"38759-14319","RB","Taiwan","Taiwan Jones","Jones","0","4","4500","CAR@HOU","HOU","CAR","","","","",""
"38759-64496","WR","Olamide","Olamide Zaccheaus","Zaccheaus","0","0","4500","TEN@ATL","ATL","TEN","","","","",""
"38759-14327","RB","Anthony","Anthony Sherman","Sherman","2","1","4500","KC@DET","KC","DET","","","","",""
"38759-63479","RB","John","John Kelly","Kelly","3.7000001271565757","3","4500","TB@LAR","LAR","TB","","","","",""
"38759-12556","D","Houston","Houston Texans","Texans","6.666666666666667","3","4400","CAR@HOU","HOU","CAR","","","","",""
"38759-64031","TE","Hayden","Hayden Hurst","Hurst","4.866666793823242","3","4400","CLE@BAL","BAL","CLE","","","","",""
"38759-12538","D","Los Angeles","Los Angeles Rams","Rams","8.666666666666666","3","4300","TB@LAR","LAR","TB","","","","",""
"38759-14362","TE","Charles","Charles Clay","Clay","1.1666666666666667","3","4200","SEA@ARI","ARI","SEA","","","","",""
"38759-24817","TE","Nick","Nick O'Leary","O'Leary","1.75","2","4200","LAC@MIA","MIA","LAC","","","","",""
"38759-12535","D","Indianapolis","Indianapolis Colts","Colts","4.666666666666667","3","4200","OAK@IND","IND","OAK","","","","",""
"38759-12547","D","Pittsburgh","Pittsburgh Steelers","Steelers","6","3","4200","CIN@PIT","PIT","CIN","","","","",""
"38759-12555","D","Baltimore","Baltimore Ravens","Ravens","5.666666666666667","3","4200","CLE@BAL","BAL","CLE","","","","",""
"38759-24533","TE","Mo","Mo Alie-Cox","Alie-Cox","1.433333396911621","3","4200","OAK@IND","IND","OAK","","","","",""
"38759-12531","D","Denver","Denver Broncos","Broncos","0.3333333333333333","3","4100","JAC@DEN","DEN","JAC","","","","",""
"38759-12552","D","Washington","Washington Redskins","Redskins","2.3333333333333335","3","4100","WAS@NYG","WAS","NYG","","","","",""
"38759-14348","TE","Lee","Lee Smith","Smith","0.6499999761581421","2","4000","NE@BUF","BUF","NE","","","","",""
"38759-23569","TE","Rico","Rico Gathers","Gathers","1","6","4000","CLE@BAL","CLE","BAL","","","","",""
"38759-28694","TE","Jesse","Jesse James","James","2.366666634877523","3","4000","KC@DET","DET","KC","","","","",""
"38759-27672","TE","Matt","Matt LaCosse","LaCosse","4.300000190734863","1","4000","NE@BUF","NE","BUF","Q","Ankle","","",""
"38759-60451","TE","Tyler","Tyler Conklin","Conklin","2.549999952316284","4","4000","MIN@CHI","MIN","CHI","","","","",""
"38759-62505","TE","MyCole","MyCole Pruitt","Pruitt","0","1","4000","TEN@ATL","TEN","ATL","","","","",""
"38759-64563","TE","Hale","Hale Hentges","Hentges","0","0","4000","OAK@IND","IND","OAK","","","","",""
"38759-14394","TE","Virgil","Virgil Green","Green","1.149999976158142","2","4000","LAC@MIA","LAC","MIA","O","Groin","","",""
"38759-42046","TE","Durham","Durham Smythe","Smythe","1.4500000476837158","2","4000","LAC@MIA","MIA","LAC","","","","",""
"38759-71767","TE","Caleb","Caleb Wilson","Wilson","0","0","4000","SEA@ARI","ARI","SEA","","","","",""
"38759-79980","TE","Eric","Eric Saubert","Saubert","1.4600000381469727","5","4000","OAK@IND","OAK","IND","","","","",""
"38759-71806","TE","Kaden","Kaden Smith","Smith","0","0","4000","WAS@NYG","NYG","WAS","","","","",""
"38759-58499","TE","Parker","Parker Hesse","Hesse","0","0","4000","TEN@ATL","TEN","ATL","","","","",""
"38759-80011","TE","Antony","Antony Auclair","Auclair","0","1","4000","TB@LAR","TB","LAR","","","","",""
"38759-54426","TE","Andrew","Andrew Beck","Beck","0","1","4000","JAC@DEN","DEN","JAC","","","","",""
"38759-83117","TE","Tanner","Tanner Hudson","Hudson","0","0","4000","TB@LAR","TB","LAR","","","","",""
"38759-32957","TE","Eric","Eric Tomlinson","Tomlinson","1.399999976158142","8","4000","WAS@NYG","NYG","WAS","","","","",""
"38759-57556","TE","Jerome","Jerome Cunningham","Cunningham","0","1","4000","WAS@NYG","WAS","NYG","","","","",""
"38759-12540","D","Minnesota","Minnesota Vikings","Vikings","9.666666666666666","3","4000","MIN@CHI","MIN","CHI","","","","",""
"38759-83202","TE","Christian","Christian Scotland-Williamson","Scotland-Williamson","0","0","4000","CIN@PIT","PIT","CIN","","","","",""
"38759-83226","TE","Kevin","Kevin Rader","Rader","0","0","4000","CIN@PIT","PIT","CIN","","","","",""
"38759-60712","TE","Foster","Foster Moreau","Moreau","1.7999999523162842","2","4000","OAK@IND","OAK","IND","","","","",""
"38759-64833","TE","Alize","Alize Mack","Mack","0","0","4000","CIN@PIT","PIT","CIN","","","","",""
"38759-56711","TE","Drew","Drew Sample","Sample","3.5","1","4000","CIN@PIT","CIN","PIT","","","","",""
"38759-22920","TE","Derek","Derek Carrier","Carrier","4.800000190734863","1","4000","OAK@IND","OAK","IND","","","","",""
"38759-63907","TE","Josh","Josh Oliver","Oliver","0","0","4000","JAC@DEN","JAC","DEN","O","Hamstring","","",""
"38759-80294","TE","Anthony","Anthony Firkser","Firkser","4.75","8","4000","TEN@ATL","TEN","ATL","","","","",""
"38759-40371","TE","Johnny","Johnny Mundt","Mundt","1","1","4000","TB@LAR","LAR","TB","","","","",""
"38759-26038","TE","Tyler","Tyler Kroft","Kroft","1.1199999809265138","5","4000","NE@BUF","BUF","NE","O","Ankle","","",""
"38759-47551","TE","Mason","Mason Schreck","Schreck","0","0","4000","CIN@PIT","CIN","PIT","","","","",""
"38759-31169","TE","Jeremy","Jeremy Sprinkle","Sprinkle","1.933333396911621","3","4000","WAS@NYG","WAS","NYG","","","","",""
"38759-84440","TE","Jaeden","Jaeden Graham","Graham","0","0","4000","TEN@ATL","ATL","TEN","","","","",""
"38759-31207","TE","C.J.","C.J. Uzomah","Uzomah","4.300000190734863","2","4000","CIN@PIT","CIN","PIT","","","","",""
"38759-27117","TE","Sean","Sean Culkin","Culkin","0","1","4000","LAC@MIA","LAC","MIA","","","","",""
"38759-22004","TE","Dwayne","Dwayne Allen","Allen","1.3999999364217122","3","4000","LAC@MIA","MIA","LAC","","","","",""
"38759-41469","TE","Darrell","Darrell Daniels","Daniels","0","2","4000","SEA@ARI","ARI","SEA","","","","",""
"38759-22065","TE","Rhett","Rhett Ellison","Ellison","1.1333333651224773","3","4000","WAS@NYG","NYG","WAS","","","","",""
"38759-52795","TE","Charles","Charles Jones","Jones","0","0","4000","JAC@DEN","JAC","DEN","","","","",""
"38759-39492","TE","Josh","Josh Hill","Hill","0.6000000238418579","2","4000","DAL@NO","NO","DAL","","","","",""
"38759-55895","TE","Kendall","Kendall Blanton","Blanton","0","0","4000","TB@LAR","LAR","TB","","","","",""
"38759-18009","TE","Chris","Chris Manhertz","Manhertz","4.066666603088379","3","4000","CAR@HOU","CAR","HOU","","","","",""
"38759-29277","TE","Stephen","Stephen Anderson","Anderson","0","0","4000","LAC@MIA","LAC","MIA","","","","",""
"38759-56925","TE","Charles","Charles Scarff","Scarff","0","0","4000","CLE@BAL","BAL","CLE","","","","",""
"38759-56947","TE","Chris","Chris Myarick","Myarick","0","0","4000","LAC@MIA","MIA","LAC","","","","",""
"38759-80546","TE","Dan","Dan Arnold","Arnold","3.857142857142857","7","4000","DAL@NO","NO","DAL","","","","",""
"38759-62119","TE","C.J.","C.J. Conrad","Conrad","0","0","4000","WAS@NYG","NYG","WAS","","","","",""
"38759-47788","TE","Deon","Deon Yelder","Yelder","0","0","4000","KC@DET","KC","DET","","","","",""
"38759-62127","TE","Cole","Cole Hikutini","Hikutini","0","0","4000","DAL@NO","DAL","NO","","","","",""
"38759-28346","TE","Maxx","Maxx Williams","Williams","2.299999952316284","2","4000","SEA@ARI","ARI","SEA","","","","",""
"38759-7870","TE","Ben","Ben Watson","Watson","5.346153846153846","13","4000","NE@BUF","NE","BUF","O","Suspension","","",""
"38759-70335","TE","Seth","Seth DeValve","DeValve","3.1799999237060548","5","4000","JAC@DEN","JAC","DEN","","","","",""
"38759-70341","TE","Moritz","Moritz Boehringer","Boehringer","0","0","4000","CIN@PIT","CIN","PIT","","","","",""
"38759-70342","TE","Temarrick","Temarrick Hemingway","Hemingway","0","0","4000","CAR@HOU","CAR","HOU","","","","",""
"38759-69326","TE","Isaac","Isaac Nauta","Nauta","0","0","4000","KC@DET","DET","KC","","","","",""
"38759-64221","TE","Zach","Zach Gentry","Gentry","0","0","4000","CIN@PIT","PIT","CIN","","","","",""
"38759-29411","TE","Pharaoh","Pharaoh Brown","Brown","0","1","4000","CLE@BAL","CLE","BAL","","","","",""
"38759-26355","TE","Logan","Logan Thomas","Thomas","1.600000023841858","2","4000","KC@DET","DET","KC","","","","",""
"38759-55042","TE","Dalton","Dalton Schultz","Schultz","2.200000047683716","8","4000","DAL@NO","DAL","NO","","","","",""
"38759-27403","TE","Blake","Blake Bell","Bell","0.5999999841054281","3","4000","KC@DET","KC","DET","","","","",""
"38759-12055","TE","Logan","Logan Paulsen","Paulsen","2.8000000544956754","7","4000","CAR@HOU","HOU","CAR","","","","",""
"38759-40746","TE","Troy","Troy Fumagalli","Fumagalli","1.2000000476837158","1","4000","JAC@DEN","DEN","JAC","","","","",""
"38759-38722","TE","Cethan","Cethan Carter","Carter","0","0","4000","CIN@PIT","CIN","PIT","","","","",""
"38759-72515","TE","Ian","Ian Thomas","Thomas","0","1","4000","CAR@HOU","CAR","HOU","","","","",""
"38759-70489","TE","Ben","Ben Braunecker","Braunecker","3.4000000953674316","1","4000","MIN@CHI","CHI","MIN","","","","",""
"38759-38753","TE","Jake","Jake Butt","Butt","4.166666666666667","3","4000","JAC@DEN","DEN","JAC","IR","Knee","","",""
"38759-55153","TE","Garrett","Garrett Dickerson","Dickerson","0","0","4000","WAS@NYG","NYG","WAS","","","","",""
"38759-39814","TE","Jordan","Jordan Leggett","Leggett","1.8769230475792518","13","4000","TB@LAR","TB","LAR","","","","",""
"38759-56212","TE","Tommy","Tommy Sweeney","Sweeney","1.7666667302449544","3","4000","NE@BUF","BUF","NE","","","","",""
"38759-29592","TE","Xavier","Xavier Grimble","Grimble","0.4000000059604645","2","4000","CIN@PIT","PIT","CIN","IR","Calf","","",""
"38759-55209","TE","Nate","Nate Becker","Becker","0","0","4000","NE@BUF","BUF","NE","","","","",""
"38759-30654","TE","Jerell","Jerell Adams","Adams","0","0","4000","CAR@HOU","HOU","CAR","","","","",""
"38759-54239","TE","Matt","Matt Sokol","Sokol","0","0","4000","LAC@MIA","LAC","MIA","","","","",""
"38759-14304","TE","Luke","Luke Stocker","Stocker","1.1999999682108562","3","4000","TEN@ATL","ATL","TEN","","","","",""
"38759-104421","TE","Jesper","Jesper Horsted","Horsted","0","0","4000","MIN@CHI","CHI","MIN","","","","",""
"38759-57325","TE","Jordan","Jordan Franks","Franks","1.566666603088379","3","4000","CIN@PIT","CIN","PIT","","","","",""
"38759-48116","TE","Jonnu","Jonnu Smith","Smith","2.5999999046325684","2","4000","TEN@ATL","TEN","ATL","","","","",""
"38759-12525","D","Atlanta","Atlanta Falcons","Falcons","3.6666666666666665","3","3900","TEN@ATL","ATL","TEN","","","","",""
"38759-12528","D","Cincinnati","Cincinnati Bengals","Bengals","3","3","3900","CIN@PIT","CIN","PIT","","","","",""
"38759-12543","D","New York","New York Giants","Giants","1.6666666666666667","3","3800","WAS@NYG","NYG","WAS","","","","",""
"38759-12550","D","Seattle","Seattle Seahawks","Seahawks","5.666666666666667","3","3700","SEA@ARI","SEA","ARI","","","","",""
"38759-12542","D","New Orleans","New Orleans Saints","Saints","8.666666666666666","3","3600","DAL@NO","NO","DAL","","","","",""
"38759-12529","D","Cleveland","Cleveland Browns","Browns","7.333333333333333","3","3500","CLE@BAL","CLE","BAL","","","","",""
"38759-12534","D","Tennessee","Tennessee Titans","Titans","10.666666666666666","3","3500","TEN@ATL","TEN","ATL","","","","",""
"38759-12536","D","Kansas City","Kansas City Chiefs","Chiefs","6","3","3500","KC@DET","KC","DET","","","","",""
"38759-12553","D","Carolina","Carolina Panthers","Panthers","7.666666666666667","3","3500","CAR@HOU","CAR","HOU","","","","",""
"38759-12526","D","Buffalo","Buffalo Bills","Bills","9","3","3400","NE@BUF","BUF","NE","","","","",""
"38759-12537","D","Oakland","Oakland Raiders","Raiders","2","3","3400","OAK@IND","OAK","IND","","","","",""
"38759-12546","D","Arizona","Arizona Cardinals","Cardinals","3","3","3200","SEA@ARI","ARI","SEA","","","","",""
"38759-12551","D","Tampa Bay","Tampa Bay Buccaneers","Buccaneers","9.666666666666666","3","3200","TB@LAR","TB","LAR","","","","",""
"38759-12532","D","Detroit","Detroit Lions","Lions","9.666666666666666","3","3100","KC@DET","DET","KC","","","","",""
"38759-12539","D","Miami","Miami Dolphins","Dolphins","0.6666666666666666","3","2500","LAC@MIA","MIA","LAC","","","","",""